Registro_ID,Provincia_ID,Año,Trimestre,Provincias,Accesos telefonía fija cada 100 hab,Accesos telefonía fija cada 100 hogares,TiempoTrim_ID
1,24,2025,1,Tucumán,7.2,30.8,20251
2,23,2025,1,Tierra del Fuego,8.24,31.34,20251
3,22,2025,1,Santiago del Estero,5.1,21.62,20251
4,21,2025,1,Santa Fe,10.93,36.07,20251
5,20,2025,1,Santa Cruz,5.03,19.06,20251
6,19,2025,1,San Luis,5.18,19.25,20251
7,18,2025,1,San Juan,6.88,28.44,20251
8,17,2025,1,Salta,4.22,18.52,20251
9,16,2025,1,Río Negro,8.71,30.12,20251
10,15,2025,1,Neuquén,8.99,32.14,20251
11,14,2025,1,Misiones,4.14,16.02,20251
12,13,2025,1,Mendoza,8.63,32.47,20251
13,12,2025,1,La Rioja,5.11,20.45,20251
14,11,2025,1,La Pampa,16.35,51.69,20251
15,10,2025,1,Jujuy,2.55,10.5,20251
16,9,2025,1,Formosa,5.58,22.78,20251
17,8,2025,1,Entre Ríos,8.81,30.8,20251
18,6,2025,1,Corrientes,5.9,23.36,20251
19,7,2025,1,Córdoba,11.47,39.36,20251
20,5,2025,1,Chubut,8.16,28.83,20251
21,4,2025,1,Chaco,3.51,13.75,20251
22,3,2025,1,Catamarca,3.88,15.89,20251
23,2,2025,1,CABA,50.68,121.97,20251
24,1,2025,1,Buenos Aires,15.65,50.22,20251
25,24,2024,4,Tucumán,7.25,30.97,20244
26,23,2024,4,Tierra del Fuego,7.11,27.0,20244
27,22,2024,4,Santiago del Estero,5.08,21.5,20244
28,21,2024,4,Santa Fe,10.88,35.9,20244
29,20,2024,4,Santa Cruz,5.08,19.23,20244
30,19,2024,4,San Luis,4.95,18.38,20244
31,18,2024,4,San Juan,6.11,25.24,20244
32,17,2024,4,Salta,4.33,18.95,20244
33,16,2024,4,Río Negro,8.65,29.87,20244
34,15,2024,4,Neuquén,8.91,31.8,20244
35,14,2024,4,Misiones,4.23,16.34,20244
36,13,2024,4,Mendoza,8.81,33.14,20244
37,12,2024,4,La Rioja,4.93,19.71,20244
38,11,2024,4,La Pampa,16.53,52.23,20244
39,10,2024,4,Jujuy,2.62,10.78,20244
40,9,2024,4,Formosa,5.5,22.43,20244
41,8,2024,4,Entre Ríos,8.98,31.38,20244
42,6,2024,4,Corrientes,5.91,23.36,20244
43,7,2024,4,Córdoba,11.3,38.76,20244
44,5,2024,4,Chubut,7.59,26.78,20244
45,4,2024,4,Chaco,3.47,13.59,20244
46,3,2024,4,Catamarca,3.88,15.88,20244
47,2,2024,4,CABA,49.73,120.06,20244
48,1,2024,4,Buenos Aires,15.73,50.1,20244
49,24,2024,3,Tucumán,8.9,38.04,20243
50,23,2024,3,Tierra del Fuego,8.78,33.36,20243
51,22,2024,3,Santiago del Estero,5.98,25.29,20243
52,21,2024,3,Santa Fe,15.84,52.28,20243
53,20,2024,3,Santa Cruz,5.38,20.35,20243
54,19,2024,3,San Luis,5.43,20.14,20243
55,18,2024,3,San Juan,7.34,30.34,20243
56,17,2024,3,Salta,6.23,27.29,20243
57,16,2024,3,Río Negro,8.81,30.43,20243
58,15,2024,3,Neuquén,8.7,31.06,20243
59,14,2024,3,Misiones,6.13,23.72,20243
60,13,2024,3,Mendoza,8.31,31.26,20243
61,12,2024,3,La Rioja,5.66,22.66,20243
62,11,2024,3,La Pampa,17.17,54.24,20243
63,10,2024,3,Jujuy,5.17,21.31,20243
64,9,2024,3,Formosa,4.72,19.25,20243
65,8,2024,3,Entre Ríos,11.39,39.8,20243
66,6,2024,3,Corrientes,6.61,26.12,20243
67,7,2024,3,Córdoba,13.59,46.6,20243
68,5,2024,3,Chubut,8.68,30.65,20243
69,4,2024,3,Chaco,5.89,23.08,20243
70,3,2024,3,Catamarca,5.99,24.55,20243
71,2,2024,3,CABA,43.19,104.17,20243
72,1,2024,3,Buenos Aires,15.3,48.84,20243
73,24,2024,2,Tucumán,9.1,38.9,20242
74,23,2024,2,Tierra del Fuego,8.83,33.57,20242
75,22,2024,2,Santiago del Estero,6.06,25.68,20242
76,21,2024,2,Santa Fe,16.11,53.17,20242
77,20,2024,2,Santa Cruz,5.41,20.48,20242
78,19,2024,2,San Luis,5.44,20.2,20242
79,18,2024,2,San Juan,7.36,30.42,20242
80,17,2024,2,Salta,6.37,27.91,20242
81,16,2024,2,Río Negro,8.85,30.59,20242
82,15,2024,2,Neuquén,8.73,31.17,20242
83,14,2024,2,Misiones,6.25,24.2,20242
84,13,2024,2,Mendoza,8.33,31.34,20242
85,12,2024,2,La Rioja,5.79,23.18,20242
86,11,2024,2,La Pampa,17.52,55.37,20242
87,10,2024,2,Jujuy,5.29,21.78,20242
88,9,2024,2,Formosa,4.82,19.68,20242
89,8,2024,2,Entre Ríos,11.62,40.62,20242
90,6,2024,2,Corrientes,6.74,26.67,20242
91,7,2024,2,Córdoba,13.82,47.42,20242
92,5,2024,2,Chubut,8.71,30.78,20242
93,4,2024,2,Chaco,6.01,23.55,20242
94,3,2024,2,Catamarca,6.12,25.09,20242
95,2,2024,2,CABA,27.59,66.46,20242
96,1,2024,2,Buenos Aires,11.39,36.44,20242
97,24,2024,1,Tucumán,9.36,40.02,20241
98,23,2024,1,Tierra del Fuego,8.88,33.78,20241
99,22,2024,1,Santiago del Estero,6.18,26.16,20241
100,21,2024,1,Santa Fe,16.46,54.34,20241
101,20,2024,1,Santa Cruz,5.44,20.61,20241
102,19,2024,1,San Luis,5.46,20.27,20241
103,18,2024,1,San Juan,7.38,30.5,20241
104,17,2024,1,Salta,6.55,28.72,20241
105,16,2024,1,Río Negro,8.89,30.76,20241
106,15,2024,1,Neuquén,8.84,31.6,20241
107,14,2024,1,Misiones,6.41,24.83,20241
108,13,2024,1,Mendoza,8.35,31.42,20241
109,12,2024,1,La Rioja,5.96,23.86,20241
110,11,2024,1,La Pampa,17.97,56.8,20241
111,10,2024,1,Jujuy,5.43,22.4,20241
112,9,2024,1,Formosa,4.96,20.27,20241
113,8,2024,1,Entre Ríos,11.92,41.68,20241
114,6,2024,1,Corrientes,6.92,27.38,20241
115,7,2024,1,Córdoba,14.15,48.55,20241
116,5,2024,1,Chubut,8.78,31.02,20241
117,4,2024,1,Chaco,6.16,24.17,20241
118,3,2024,1,Catamarca,6.29,25.79,20241
119,2,2024,1,CABA,46.05,110.83,20241
120,1,2024,1,Buenos Aires,16.1,51.65,20241
121,24,2023,4,Tucumán,8.62,34.81,20234
122,23,2023,4,Tierra del Fuego,8.42,28.4,20234
123,22,2023,4,Santiago del Estero,6.02,24.25,20234
124,21,2023,4,Santa Fe,12.74,40.51,20234
125,20,2023,4,Santa Cruz,6.04,20.29,20234
126,19,2023,4,San Luis,5.46,19.09,20234
127,18,2023,4,San Juan,6.82,26.76,20234
128,17,2023,4,Salta,5.23,21.59,20234
129,16,2023,4,Río Negro,9.25,30.08,20234
130,15,2023,4,Neuquén,10.13,34.03,20234
131,14,2023,4,Misiones,5.38,19.75,20234
132,13,2023,4,Mendoza,9.44,33.83,20234
133,12,2023,4,La Rioja,5.82,21.85,20234
134,11,2023,4,La Pampa,18.78,57.0,20234
135,10,2023,4,Jujuy,3.59,14.03,20234
136,9,2023,4,Formosa,5.89,23.16,20234
137,8,2023,4,Entre Ríos,10.45,34.96,20234
138,6,2023,4,Corrientes,7.1,26.97,20234
139,7,2023,4,Córdoba,12.75,41.64,20234
140,5,2023,4,Chubut,8.69,28.34,20234
141,4,2023,4,Chaco,4.46,16.7,20234
142,3,2023,4,Catamarca,4.88,19.2,20234
143,2,2023,4,CABA,53.68,129.69,20234
144,1,2023,4,Buenos Aires,17.87,53.84,20234
145,24,2023,3,Tucumán,8.88,35.83,20233
146,23,2023,3,Tierra del Fuego,11.4,38.44,20233
147,22,2023,3,Santiago del Estero,6.16,24.83,20233
148,21,2023,3,Santa Fe,13.14,41.78,20233
149,20,2023,3,Santa Cruz,6.34,21.31,20233
150,19,2023,3,San Luis,5.16,18.04,20233
151,18,2023,3,San Juan,8.13,31.93,20233
152,17,2023,3,Salta,5.44,22.45,20233
153,16,2023,3,Río Negro,8.88,28.87,20233
154,15,2023,3,Neuquén,11.23,37.71,20233
155,14,2023,3,Misiones,5.58,20.48,20233
156,13,2023,3,Mendoza,8.53,30.58,20233
157,12,2023,3,La Rioja,5.93,22.26,20233
158,11,2023,3,La Pampa,18.78,56.99,20233
159,10,2023,3,Jujuy,3.74,14.61,20233
160,9,2023,3,Formosa,5.65,22.21,20233
161,8,2023,3,Entre Ríos,10.73,35.87,20233
162,6,2023,3,Corrientes,7.32,27.79,20233
163,7,2023,3,Córdoba,12.44,40.63,20233
164,5,2023,3,Chubut,9.72,31.71,20233
165,4,2023,3,Chaco,4.69,17.56,20233
166,3,2023,3,Catamarca,5.07,19.92,20233
167,2,2023,3,CABA,54.62,131.8,20233
168,1,2023,3,Buenos Aires,18.17,54.85,20233
169,24,2023,2,Tucumán,8.96,36.19,20232
170,23,2023,2,Tierra del Fuego,11.47,38.68,20232
171,22,2023,2,Santiago del Estero,6.28,25.3,20232
172,21,2023,2,Santa Fe,13.58,43.18,20232
173,20,2023,2,Santa Cruz,6.38,21.44,20232
174,19,2023,2,San Luis,5.18,18.09,20232
175,18,2023,2,San Juan,8.15,32.01,20232
176,17,2023,2,Salta,5.44,22.47,20232
177,16,2023,2,Río Negro,8.72,28.35,20232
178,15,2023,2,Neuquén,11.21,37.67,20232
179,14,2023,2,Misiones,5.77,21.19,20232
180,13,2023,2,Mendoza,8.47,30.36,20232
181,12,2023,2,La Rioja,5.96,22.38,20232
182,11,2023,2,La Pampa,18.82,57.11,20232
183,10,2023,2,Jujuy,3.94,15.4,20232
184,9,2023,2,Formosa,5.54,21.77,20232
185,8,2023,2,Entre Ríos,10.82,36.18,20232
186,6,2023,2,Corrientes,7.47,28.37,20232
187,7,2023,2,Córdoba,12.53,40.93,20232
188,5,2023,2,Chubut,9.76,31.84,20232
189,4,2023,2,Chaco,4.83,18.07,20232
190,3,2023,2,Catamarca,5.08,19.98,20232
191,2,2023,2,CABA,36.06,86.91,20232
192,1,2023,2,Buenos Aires,13.35,40.4,20232
193,24,2023,1,Tucumán,10.23,41.29,20231
194,23,2023,1,Tierra del Fuego,9.77,32.95,20231
195,22,2023,1,Santiago del Estero,6.61,26.64,20231
196,21,2023,1,Santa Fe,16.98,54.0,20231
197,20,2023,1,Santa Cruz,6.15,20.66,20231
198,19,2023,1,San Luis,5.73,20.01,20231
199,18,2023,1,San Juan,7.69,30.18,20231
200,17,2023,1,Salta,7.17,29.61,20231
201,16,2023,1,Río Negro,9.07,29.48,20231
202,15,2023,1,Neuquén,9.45,31.76,20231
203,14,2023,1,Misiones,6.8,24.96,20231
204,13,2023,1,Mendoza,8.68,31.1,20231
205,12,2023,1,La Rioja,6.54,24.58,20231
206,11,2023,1,La Pampa,19.0,57.66,20231
207,10,2023,1,Jujuy,5.92,23.14,20231
208,9,2023,1,Formosa,5.45,21.41,20231
209,8,2023,1,Entre Ríos,12.86,43.01,20231
210,6,2023,1,Corrientes,7.45,28.29,20231
211,7,2023,1,Córdoba,15.27,49.87,20231
212,5,2023,1,Chubut,9.33,30.43,20231
213,4,2023,1,Chaco,6.66,24.9,20231
214,3,2023,1,Catamarca,6.79,26.7,20231
215,2,2023,1,CABA,47.2,113.63,20231
216,1,2023,1,Buenos Aires,16.8,50.96,20231
217,24,2022,4,Tucumán,9.56,38.6,20224
218,23,2022,4,Tierra del Fuego,8.47,28.56,20224
219,22,2022,4,Santiago del Estero,6.61,26.62,20224
220,21,2022,4,Santa Fe,13.83,43.97,20224
221,20,2022,4,Santa Cruz,6.22,20.91,20224
222,19,2022,4,San Luis,5.42,18.95,20224
223,18,2022,4,San Juan,6.73,26.42,20224
224,17,2022,4,Salta,6.03,24.91,20224
225,16,2022,4,Río Negro,8.96,29.14,20224
226,15,2022,4,Neuquén,10.29,34.57,20224
227,14,2022,4,Misiones,6.03,22.12,20224
228,13,2022,4,Mendoza,8.15,29.21,20224
229,12,2022,4,La Rioja,6.47,24.29,20224
230,11,2022,4,La Pampa,18.45,55.99,20224
231,10,2022,4,Jujuy,4.6,18.01,20224
232,9,2022,4,Formosa,5.79,22.77,20224
233,8,2022,4,Entre Ríos,11.51,38.5,20224
234,6,2022,4,Corrientes,7.91,30.06,20224
235,7,2022,4,Córdoba,13.11,42.82,20224
236,5,2022,4,Chubut,8.7,28.4,20224
237,4,2022,4,Chaco,5.35,20.01,20224
238,3,2022,4,Catamarca,6.02,23.65,20224
239,2,2022,4,CABA,50.8,122.73,20224
240,1,2022,4,Buenos Aires,17.76,53.5,20224
241,24,2022,3,Tucumán,9.64,38.94,20223
242,23,2022,3,Tierra del Fuego,10.98,37.04,20223
243,22,2022,3,Santiago del Estero,6.39,25.75,20223
244,21,2022,3,Santa Fe,14.06,44.7,20223
245,20,2022,3,Santa Cruz,6.21,20.87,20223
246,19,2022,3,San Luis,4.98,17.41,20223
247,18,2022,3,San Juan,7.74,30.39,20223
248,17,2022,3,Salta,6.15,25.39,20223
249,16,2022,3,Río Negro,8.69,28.26,20223
250,15,2022,3,Neuquén,10.98,36.89,20223
251,14,2022,3,Misiones,6.06,22.26,20223
252,13,2022,3,Mendoza,6.94,24.89,20223
253,12,2022,3,La Rioja,6.45,24.24,20223
254,11,2022,3,La Pampa,18.45,55.99,20223
255,10,2022,3,Jujuy,4.66,18.23,20223
256,9,2022,3,Formosa,5.82,22.86,20223
257,8,2022,3,Entre Ríos,11.33,37.88,20223
258,6,2022,3,Corrientes,8.02,30.44,20223
259,7,2022,3,Córdoba,12.93,42.22,20223
260,5,2022,3,Chubut,9.46,30.85,20223
261,4,2022,3,Chaco,5.43,20.33,20223
262,3,2022,3,Catamarca,6.16,24.23,20223
263,2,2022,3,CABA,50.97,123.0,20223
264,1,2022,3,Buenos Aires,17.74,53.56,20223
265,24,2022,2,Tucumán,9.97,40.25,20222
266,23,2022,2,Tierra del Fuego,11.05,37.26,20222
267,22,2022,2,Santiago del Estero,6.43,25.9,20222
268,21,2022,2,Santa Fe,14.45,45.96,20222
269,20,2022,2,Santa Cruz,6.34,21.31,20222
270,19,2022,2,San Luis,5.0,17.46,20222
271,18,2022,2,San Juan,7.76,30.47,20222
272,17,2022,2,Salta,6.32,26.08,20222
273,16,2022,2,Río Negro,8.78,28.55,20222
274,15,2022,2,Neuquén,10.68,35.88,20222
275,14,2022,2,Misiones,6.08,22.31,20222
276,13,2022,2,Mendoza,6.93,24.83,20222
277,12,2022,2,La Rioja,6.69,25.15,20222
278,11,2022,2,La Pampa,19.02,57.74,20222
279,10,2022,2,Jujuy,4.87,19.03,20222
280,9,2022,2,Formosa,5.8,22.8,20222
281,8,2022,2,Entre Ríos,11.68,39.05,20222
282,6,2022,2,Corrientes,8.11,30.78,20222
283,7,2022,2,Córdoba,12.93,42.23,20222
284,5,2022,2,Chubut,9.5,30.99,20222
285,4,2022,2,Chaco,5.66,21.17,20222
286,3,2022,2,Catamarca,6.53,25.69,20222
287,2,2022,2,CABA,32.84,79.15,20222
288,1,2022,2,Buenos Aires,12.98,39.29,20222
289,24,2022,1,Tucumán,10.96,44.23,20221
290,23,2022,1,Tierra del Fuego,10.44,35.23,20221
291,22,2022,1,Santiago del Estero,6.92,27.9,20221
292,21,2022,1,Santa Fe,17.82,56.67,20221
293,20,2022,1,Santa Cruz,6.55,22.02,20221
294,19,2022,1,San Luis,5.94,20.76,20221
295,18,2022,1,San Juan,8.06,31.65,20221
296,17,2022,1,Salta,7.69,31.74,20221
297,16,2022,1,Río Negro,9.59,31.17,20221
298,15,2022,1,Neuquén,9.96,33.45,20221
299,14,2022,1,Misiones,7.27,26.68,20221
300,13,2022,1,Mendoza,8.25,29.56,20221
301,12,2022,1,La Rioja,7.02,26.35,20221
302,11,2022,1,La Pampa,19.2,58.27,20221
303,10,2022,1,Jujuy,6.34,24.79,20221
304,9,2022,1,Formosa,5.6,22.02,20221
305,8,2022,1,Entre Ríos,13.72,45.9,20221
306,6,2022,1,Corrientes,7.96,30.22,20221
307,7,2022,1,Córdoba,15.44,50.43,20221
308,5,2022,1,Chubut,9.93,32.39,20221
309,4,2022,1,Chaco,7.07,26.43,20221
310,3,2022,1,Catamarca,7.28,28.62,20221
311,2,2022,1,CABA,46.59,112.15,20221
312,1,2022,1,Buenos Aires,17.51,53.12,20221
313,24,2021,4,Tucumán,9.73,39.28,20214
314,23,2021,4,Tierra del Fuego,10.81,36.46,20214
315,22,2021,4,Santiago del Estero,6.78,27.34,20214
316,21,2021,4,Santa Fe,18.49,58.79,20214
317,20,2021,4,Santa Cruz,7.51,25.23,20214
318,19,2021,4,San Luis,6.46,22.58,20214
319,18,2021,4,San Juan,8.49,33.34,20214
320,17,2021,4,Salta,8.4,34.69,20214
321,16,2021,4,Río Negro,11.48,37.33,20214
322,15,2021,4,Neuquén,10.88,36.55,20214
323,14,2021,4,Misiones,7.78,28.58,20214
324,13,2021,4,Mendoza,10.23,36.67,20214
325,12,2021,4,La Rioja,6.76,25.41,20214
326,11,2021,4,La Pampa,19.95,60.55,20214
327,10,2021,4,Jujuy,5.72,22.35,20214
328,9,2021,4,Formosa,6.0,23.56,20214
329,8,2021,4,Entre Ríos,14.92,49.89,20214
330,6,2021,4,Corrientes,8.71,33.08,20214
331,7,2021,4,Córdoba,15.46,50.49,20214
332,5,2021,4,Chubut,10.94,35.71,20214
333,4,2021,4,Chaco,7.51,28.1,20214
334,3,2021,4,Catamarca,7.11,27.94,20214
335,2,2021,4,CABA,46.77,112.99,20214
336,1,2021,4,Buenos Aires,18.81,56.67,20214
337,24,2021,3,Tucumán,7.84,31.64,20213
338,23,2021,3,Tierra del Fuego,12.39,41.79,20213
339,22,2021,3,Santiago del Estero,5.85,23.59,20213
340,21,2021,3,Santa Fe,15.25,48.48,20213
341,20,2021,3,Santa Cruz,7.34,24.68,20213
342,19,2021,3,San Luis,6.76,23.62,20213
343,18,2021,3,San Juan,9.56,37.54,20213
344,17,2021,3,Salta,6.57,27.14,20213
345,16,2021,3,Río Negro,11.18,36.33,20213
346,15,2021,3,Neuquén,11.15,37.46,20213
347,14,2021,3,Misiones,6.24,22.92,20213
348,13,2021,3,Mendoza,9.83,35.23,20213
349,12,2021,3,La Rioja,5.48,20.59,20213
350,11,2021,3,La Pampa,19.98,60.65,20213
351,10,2021,3,Jujuy,4.55,17.8,20213
352,9,2021,3,Formosa,5.03,19.76,20213
353,8,2021,3,Entre Ríos,11.82,39.52,20213
354,6,2021,3,Corrientes,6.95,26.41,20213
355,7,2021,3,Córdoba,12.85,41.97,20213
356,5,2021,3,Chubut,11.77,38.41,20213
357,4,2021,3,Chaco,6.11,22.88,20213
358,3,2021,3,Catamarca,5.93,23.32,20213
359,2,2021,3,CABA,44.45,107.27,20213
360,1,2021,3,Buenos Aires,18.01,54.38,20213
361,24,2021,2,Tucumán,8.27,33.37,20212
362,23,2021,2,Tierra del Fuego,12.46,42.04,20212
363,22,2021,2,Santiago del Estero,6.02,24.26,20212
364,21,2021,2,Santa Fe,15.71,49.96,20212
365,20,2021,2,Santa Cruz,7.39,24.84,20212
366,19,2021,2,San Luis,6.78,23.69,20212
367,18,2021,2,San Juan,9.59,37.64,20212
368,17,2021,2,Salta,6.76,27.92,20212
369,16,2021,2,Río Negro,11.26,36.6,20212
370,15,2021,2,Neuquén,11.2,37.63,20212
371,14,2021,2,Misiones,6.45,23.67,20212
372,13,2021,2,Mendoza,9.86,35.33,20212
373,12,2021,2,La Rioja,5.69,21.37,20212
374,11,2021,2,La Pampa,19.91,60.42,20212
375,10,2021,2,Jujuy,4.77,18.67,20212
376,9,2021,2,Formosa,5.31,20.86,20212
377,8,2021,2,Entre Ríos,12.17,40.7,20212
378,6,2021,2,Corrientes,7.19,27.3,20212
379,7,2021,2,Córdoba,13.31,43.49,20212
380,5,2021,2,Chubut,11.82,38.57,20212
381,4,2021,2,Chaco,6.3,23.56,20212
382,3,2021,2,Catamarca,6.44,25.34,20212
383,2,2021,2,CABA,27.67,66.68,20212
384,1,2021,2,Buenos Aires,13.65,41.31,20212
385,24,2021,1,Tucumán,9.67,39.03,20211
386,23,2021,1,Tierra del Fuego,12.54,42.3,20211
387,22,2021,1,Santiago del Estero,6.38,25.69,20211
388,21,2021,1,Santa Fe,16.16,51.4,20211
389,20,2021,1,Santa Cruz,7.43,24.95,20211
390,19,2021,1,San Luis,6.8,23.77,20211
391,18,2021,1,San Juan,9.61,37.74,20211
392,17,2021,1,Salta,6.78,28.01,20211
393,16,2021,1,Río Negro,11.1,36.1,20211
394,15,2021,1,Neuquén,11.25,37.8,20211
395,14,2021,1,Misiones,6.53,23.98,20211
396,13,2021,1,Mendoza,9.9,35.47,20211
397,12,2021,1,La Rioja,6.19,23.25,20211
398,11,2021,1,La Pampa,19.91,60.42,20211
399,10,2021,1,Jujuy,5.59,21.87,20211
400,9,2021,1,Formosa,5.18,20.35,20211
401,8,2021,1,Entre Ríos,12.19,40.77,20211
402,6,2021,1,Corrientes,7.06,26.79,20211
403,7,2021,1,Córdoba,13.98,45.65,20211
404,5,2021,1,Chubut,11.87,38.72,20211
405,4,2021,1,Chaco,6.32,23.63,20211
406,3,2021,1,Catamarca,6.42,25.24,20211
407,2,2021,1,CABA,45.39,109.28,20211
408,1,2021,1,Buenos Aires,18.32,55.58,20211
409,24,2020,4,Tucumán,10.65,42.99,20204
410,23,2020,4,Tierra del Fuego,12.31,41.53,20204
411,22,2020,4,Santiago del Estero,6.75,27.21,20204
412,21,2020,4,Santa Fe,16.7,53.1,20204
413,20,2020,4,Santa Cruz,7.37,24.78,20204
414,19,2020,4,San Luis,6.74,23.55,20204
415,18,2020,4,San Juan,9.54,37.44,20204
416,17,2020,4,Salta,7.1,29.3,20204
417,16,2020,4,Río Negro,11.25,36.56,20204
418,15,2020,4,Neuquén,11.17,37.52,20204
419,14,2020,4,Misiones,6.77,24.85,20204
420,13,2020,4,Mendoza,9.83,35.21,20204
421,12,2020,4,La Rioja,7.41,27.82,20204
422,11,2020,4,La Pampa,19.64,59.6,20204
423,10,2020,4,Jujuy,5.9,23.07,20204
424,9,2020,4,Formosa,5.61,22.04,20204
425,8,2020,4,Entre Ríos,12.87,43.03,20204
426,6,2020,4,Corrientes,7.59,28.81,20204
427,7,2020,4,Córdoba,14.17,46.28,20204
428,5,2020,4,Chubut,11.72,38.22,20204
429,4,2020,4,Chaco,6.71,25.09,20204
430,3,2020,4,Catamarca,8.04,31.61,20204
431,2,2020,4,CABA,46.28,111.79,20204
432,1,2020,4,Buenos Aires,18.35,55.28,20204
433,24,2020,3,Tucumán,10.72,43.26,20203
434,23,2020,3,Tierra del Fuego,12.39,41.79,20203
435,22,2020,3,Santiago del Estero,6.77,27.28,20203
436,21,2020,3,Santa Fe,17.63,56.08,20203
437,20,2020,3,Santa Cruz,7.43,24.97,20203
438,19,2020,3,San Luis,6.76,23.62,20203
439,18,2020,3,San Juan,9.56,37.54,20203
440,17,2020,3,Salta,7.23,29.84,20203
441,16,2020,3,Río Negro,11.38,36.99,20203
442,15,2020,3,Neuquén,11.19,37.6,20203
443,14,2020,3,Misiones,7.03,25.83,20203
444,13,2020,3,Mendoza,9.85,35.3,20203
445,12,2020,3,La Rioja,7.46,28.01,20203
446,11,2020,3,La Pampa,19.65,59.65,20203
447,10,2020,3,Jujuy,6.0,23.46,20203
448,9,2020,3,Formosa,5.75,22.6,20203
449,8,2020,3,Entre Ríos,13.06,43.69,20203
450,6,2020,3,Corrientes,7.69,29.22,20203
451,7,2020,3,Córdoba,14.59,47.64,20203
452,5,2020,3,Chubut,11.75,38.34,20203
453,4,2020,3,Chaco,6.84,25.6,20203
454,3,2020,3,Catamarca,8.08,31.75,20203
455,2,2020,3,CABA,46.58,112.41,20203
456,1,2020,3,Buenos Aires,18.4,55.56,20203
457,24,2020,2,Tucumán,10.8,43.6,20202
458,23,2020,2,Tierra del Fuego,13.19,44.5,20202
459,22,2020,2,Santiago del Estero,6.84,27.57,20202
460,21,2020,2,Santa Fe,17.33,55.1,20202
461,20,2020,2,Santa Cruz,7.72,25.93,20202
462,19,2020,2,San Luis,6.96,24.34,20202
463,18,2020,2,San Juan,9.89,38.82,20202
464,17,2020,2,Salta,7.38,30.49,20202
465,16,2020,2,Río Negro,11.8,38.37,20202
466,15,2020,2,Neuquén,11.47,38.52,20202
467,14,2020,2,Misiones,7.01,25.73,20202
468,13,2020,2,Mendoza,10.25,36.73,20202
469,12,2020,2,La Rioja,7.51,28.2,20202
470,11,2020,2,La Pampa,19.71,59.83,20202
471,10,2020,2,Jujuy,7.22,28.24,20202
472,9,2020,2,Formosa,5.81,22.84,20202
473,8,2020,2,Entre Ríos,13.24,44.28,20202
474,6,2020,2,Corrientes,7.79,29.57,20202
475,7,2020,2,Córdoba,14.83,48.44,20202
476,5,2020,2,Chubut,12.41,40.5,20202
477,4,2020,2,Chaco,6.96,26.03,20202
478,3,2020,2,Catamarca,8.2,32.25,20202
479,2,2020,2,CABA,30.89,74.44,20202
480,1,2020,2,Buenos Aires,14.19,42.94,20202
481,24,2020,1,Tucumán,10.81,43.63,20201
482,23,2020,1,Tierra del Fuego,13.69,46.18,20201
483,22,2020,1,Santiago del Estero,6.9,27.79,20201
484,21,2020,1,Santa Fe,17.71,56.31,20201
485,20,2020,1,Santa Cruz,8.1,27.21,20201
486,19,2020,1,San Luis,7.18,25.08,20201
487,18,2020,1,San Juan,10.08,39.59,20201
488,17,2020,1,Salta,7.58,31.29,20201
489,16,2020,1,Río Negro,11.86,38.55,20201
490,15,2020,1,Neuquén,11.72,39.37,20201
491,14,2020,1,Misiones,7.23,26.54,20201
492,13,2020,1,Mendoza,10.62,38.07,20201
493,12,2020,1,La Rioja,6.91,25.96,20201
494,11,2020,1,La Pampa,19.79,60.06,20201
495,10,2020,1,Jujuy,6.25,24.43,20201
496,9,2020,1,Formosa,5.73,22.5,20201
497,8,2020,1,Entre Ríos,13.52,45.22,20201
498,6,2020,1,Corrientes,7.84,29.78,20201
499,7,2020,1,Córdoba,15.32,50.03,20201
500,5,2020,1,Chubut,12.78,41.7,20201
501,4,2020,1,Chaco,7.0,26.19,20201
502,3,2020,1,Catamarca,7.18,28.23,20201
503,2,2020,1,CABA,47.36,114.02,20201
504,1,2020,1,Buenos Aires,18.65,56.57,20201
505,24,2019,4,Tucumán,11.13,44.95,20194
506,23,2019,4,Tierra del Fuego,14.2,47.91,20194
507,22,2019,4,Santiago del Estero,7.03,28.34,20194
508,21,2019,4,Santa Fe,18.25,58.05,20194
509,20,2019,4,Santa Cruz,8.44,28.36,20194
510,19,2019,4,San Luis,7.49,26.17,20194
511,18,2019,4,San Juan,10.37,40.72,20194
512,17,2019,4,Salta,7.84,32.38,20194
513,16,2019,4,Río Negro,12.28,39.92,20194
514,15,2019,4,Neuquén,11.98,40.25,20194
515,14,2019,4,Misiones,7.48,27.47,20194
516,13,2019,4,Mendoza,11.05,39.6,20194
517,12,2019,4,La Rioja,7.26,27.27,20194
518,11,2019,4,La Pampa,20.0,60.7,20194
519,10,2019,4,Jujuy,6.46,25.25,20194
520,9,2019,4,Formosa,5.86,23.04,20194
521,8,2019,4,Entre Ríos,13.89,46.46,20194
522,6,2019,4,Corrientes,8.07,30.64,20194
523,7,2019,4,Córdoba,15.96,52.13,20194
524,5,2019,4,Chubut,13.34,43.53,20194
525,4,2019,4,Chaco,7.26,27.16,20194
526,3,2019,4,Catamarca,7.53,29.59,20194
527,2,2019,4,CABA,48.12,115.69,20194
528,1,2019,4,Buenos Aires,19.21,58.41,20194
529,24,2019,3,Tucumán,11.46,46.26,20193
530,23,2019,3,Tierra del Fuego,14.8,49.92,20193
531,22,2019,3,Santiago del Estero,7.15,28.82,20193
532,21,2019,3,Santa Fe,18.44,58.65,20193
533,20,2019,3,Santa Cruz,8.94,30.05,20193
534,19,2019,3,San Luis,7.81,27.28,20193
535,18,2019,3,San Juan,10.65,41.81,20193
536,17,2019,3,Salta,8.07,33.31,20193
537,16,2019,3,Río Negro,12.74,41.41,20193
538,15,2019,3,Neuquén,12.23,41.09,20193
539,14,2019,3,Misiones,7.67,28.16,20193
540,13,2019,3,Mendoza,11.44,40.98,20193
541,12,2019,3,La Rioja,7.59,28.52,20193
542,11,2019,3,La Pampa,17.92,54.38,20193
543,10,2019,3,Jujuy,6.56,25.66,20193
544,9,2019,3,Formosa,5.98,23.51,20193
545,8,2019,3,Entre Ríos,14.12,47.24,20193
546,6,2019,3,Corrientes,8.19,31.11,20193
547,7,2019,3,Córdoba,16.42,53.64,20193
548,5,2019,3,Chubut,13.75,44.84,20193
549,4,2019,3,Chaco,7.39,27.65,20193
550,3,2019,3,Catamarca,7.92,31.15,20193
551,2,2019,3,CABA,48.73,117.04,20193
552,1,2019,3,Buenos Aires,19.63,59.81,20193
553,24,2019,2,Tucumán,12.05,48.63,20192
554,23,2019,2,Tierra del Fuego,14.36,48.44,20192
555,22,2019,2,Santiago del Estero,7.39,29.77,20192
556,21,2019,2,Santa Fe,19.14,60.87,20192
557,20,2019,2,Santa Cruz,9.27,31.14,20192
558,19,2019,2,San Luis,6.68,23.33,20192
559,18,2019,2,San Juan,10.89,42.75,20192
560,17,2019,2,Salta,8.52,35.18,20192
561,16,2019,2,Río Negro,13.14,42.71,20192
562,15,2019,2,Neuquén,12.48,41.94,20192
563,14,2019,2,Misiones,7.97,29.27,20192
564,13,2019,2,Mendoza,11.82,42.35,20192
565,12,2019,2,La Rioja,8.14,30.56,20192
566,11,2019,2,La Pampa,18.19,55.2,20192
567,10,2019,2,Jujuy,6.73,26.31,20192
568,9,2019,2,Formosa,6.13,24.09,20192
569,8,2019,2,Entre Ríos,14.59,48.8,20192
570,6,2019,2,Corrientes,8.42,31.96,20192
571,7,2019,2,Córdoba,17.33,56.6,20192
572,5,2019,2,Chubut,14.17,46.22,20192
573,4,2019,2,Chaco,7.69,28.78,20192
574,3,2019,2,Catamarca,8.52,33.51,20192
575,2,2019,2,CABA,37.11,89.03,20192
576,1,2019,2,Buenos Aires,16.33,49.88,20192
577,24,2019,1,Tucumán,12.39,50.03,20191
578,23,2019,1,Tierra del Fuego,15.01,50.62,20191
579,22,2019,1,Santiago del Estero,7.55,30.43,20191
580,21,2019,1,Santa Fe,19.58,62.26,20191
581,20,2019,1,Santa Cruz,9.66,32.47,20191
582,19,2019,1,San Luis,8.58,29.99,20191
583,18,2019,1,San Juan,11.16,43.79,20191
584,17,2019,1,Salta,8.78,36.23,20191
585,16,2019,1,Río Negro,13.66,44.41,20191
586,15,2019,1,Neuquén,12.8,42.99,20191
587,14,2019,1,Misiones,8.18,30.04,20191
588,13,2019,1,Mendoza,12.28,43.99,20191
589,12,2019,1,La Rioja,8.49,31.89,20191
590,11,2019,1,La Pampa,18.59,56.42,20191
591,10,2019,1,Jujuy,6.82,26.68,20191
592,9,2019,1,Formosa,6.32,24.81,20191
593,8,2019,1,Entre Ríos,14.88,49.78,20191
594,6,2019,1,Corrientes,8.58,32.59,20191
595,7,2019,1,Córdoba,17.69,57.78,20191
596,5,2019,1,Chubut,14.67,47.84,20191
597,4,2019,1,Chaco,7.88,29.5,20191
598,3,2019,1,Catamarca,8.81,34.64,20191
599,2,2019,1,CABA,52.1,124.82,20191
600,1,2019,1,Buenos Aires,20.58,63.0,20191
601,24,2018,4,Tucumán,12.65,51.07,20184
602,23,2018,4,Tierra del Fuego,20.02,67.52,20184
603,22,2018,4,Santiago del Estero,7.71,31.05,20184
604,21,2018,4,Santa Fe,19.97,63.51,20184
605,20,2018,4,Santa Cruz,12.6,42.35,20184
606,19,2018,4,San Luis,10.4,36.34,20184
607,18,2018,4,San Juan,15.01,58.92,20184
608,17,2018,4,Salta,9.05,37.35,20184
609,16,2018,4,Río Negro,19.07,62.01,20184
610,15,2018,4,Neuquén,16.78,56.38,20184
611,14,2018,4,Misiones,8.41,30.89,20184
612,13,2018,4,Mendoza,18.42,66.01,20184
613,12,2018,4,La Rioja,8.79,33.01,20184
614,11,2018,4,La Pampa,21.62,65.62,20184
615,10,2018,4,Jujuy,6.92,27.07,20184
616,9,2018,4,Formosa,6.48,25.46,20184
617,8,2018,4,Entre Ríos,15.19,50.79,20184
618,6,2018,4,Corrientes,8.77,33.3,20184
619,7,2018,4,Córdoba,18.14,59.23,20184
620,5,2018,4,Chubut,19.5,63.61,20184
621,4,2018,4,Chaco,8.08,30.22,20184
622,3,2018,4,Catamarca,9.02,35.48,20184
623,2,2018,4,CABA,57.12,136.67,20184
624,1,2018,4,Buenos Aires,26.4,80.98,20184
625,24,2018,3,Tucumán,12.89,52.05,20183
626,23,2018,3,Tierra del Fuego,20.15,67.95,20183
627,22,2018,3,Santiago del Estero,5.59,22.53,20183
628,21,2018,3,Santa Fe,19.29,61.36,20183
629,20,2018,3,Santa Cruz,12.66,42.55,20183
630,19,2018,3,San Luis,8.92,31.17,20183
631,18,2018,3,San Juan,15.04,59.04,20183
632,17,2018,3,Salta,9.31,38.45,20183
633,16,2018,3,Río Negro,19.14,62.22,20183
634,15,2018,3,Neuquén,14.98,50.34,20183
635,14,2018,3,Misiones,8.41,30.87,20183
636,13,2018,3,Mendoza,18.46,66.15,20183
637,12,2018,3,La Rioja,9.0,33.79,20183
638,11,2018,3,La Pampa,21.45,65.11,20183
639,10,2018,3,Jujuy,7.02,27.47,20183
640,9,2018,3,Formosa,6.61,25.98,20183
641,8,2018,3,Entre Ríos,14.69,49.14,20183
642,6,2018,3,Corrientes,8.6,32.65,20183
643,7,2018,3,Córdoba,18.28,59.71,20183
644,5,2018,3,Chubut,19.49,63.59,20183
645,4,2018,3,Chaco,7.75,28.99,20183
646,3,2018,3,Catamarca,9.27,36.43,20183
647,2,2018,3,CABA,57.86,138.28,20183
648,1,2018,3,Buenos Aires,26.08,80.19,20183
649,24,2018,2,Tucumán,12.97,52.34,20182
650,23,2018,2,Tierra del Fuego,20.28,68.38,20182
651,22,2018,2,Santiago del Estero,5.77,23.23,20182
652,21,2018,2,Santa Fe,19.7,62.64,20182
653,20,2018,2,Santa Cruz,12.76,42.88,20182
654,19,2018,2,San Luis,8.95,31.28,20182
655,18,2018,2,San Juan,15.08,59.21,20182
656,17,2018,2,Salta,9.51,39.27,20182
657,16,2018,2,Río Negro,19.21,62.45,20182
658,15,2018,2,Neuquén,15.04,50.51,20182
659,14,2018,2,Misiones,8.77,32.21,20182
660,13,2018,2,Mendoza,18.51,66.32,20182
661,12,2018,2,La Rioja,9.19,34.51,20182
662,11,2018,2,La Pampa,21.5,65.25,20182
663,10,2018,2,Jujuy,7.12,27.85,20182
664,9,2018,2,Formosa,6.68,26.25,20182
665,8,2018,2,Entre Ríos,15.72,52.57,20182
666,6,2018,2,Corrientes,9.0,34.17,20182
667,7,2018,2,Córdoba,18.58,60.68,20182
668,5,2018,2,Chubut,19.58,63.88,20182
669,4,2018,2,Chaco,8.31,31.08,20182
670,3,2018,2,Catamarca,9.36,36.78,20182
671,2,2018,2,CABA,56.81,135.61,20182
672,1,2018,2,Buenos Aires,26.06,80.31,20182
673,24,2018,1,Tucumán,13.03,52.62,20181
674,23,2018,1,Tierra del Fuego,20.41,68.83,20181
675,22,2018,1,Santiago del Estero,5.98,24.11,20181
676,21,2018,1,Santa Fe,19.84,63.11,20181
677,20,2018,1,Santa Cruz,12.83,43.11,20181
678,19,2018,1,San Luis,8.98,31.38,20181
679,18,2018,1,San Juan,15.12,59.37,20181
680,17,2018,1,Salta,9.7,40.03,20181
681,16,2018,1,Río Negro,19.28,62.69,20181
682,15,2018,1,Neuquén,15.1,50.72,20181
683,14,2018,1,Misiones,8.42,30.9,20181
684,13,2018,1,Mendoza,18.56,66.49,20181
685,12,2018,1,La Rioja,9.43,35.43,20181
686,11,2018,1,La Pampa,21.42,65.02,20181
687,10,2018,1,Jujuy,7.23,28.27,20181
688,9,2018,1,Formosa,6.76,26.56,20181
689,8,2018,1,Entre Ríos,15.9,53.19,20181
690,6,2018,1,Corrientes,9.07,34.44,20181
691,7,2018,1,Córdoba,18.85,61.55,20181
692,5,2018,1,Chubut,19.16,62.5,20181
693,4,2018,1,Chaco,8.42,31.5,20181
694,3,2018,1,Catamarca,9.43,37.07,20181
695,2,2018,1,CABA,56.48,134.65,20181
696,1,2018,1,Buenos Aires,25.89,79.97,20181
697,24,2017,4,Tucumán,13.04,52.65,20174
698,23,2017,4,Tierra del Fuego,24.61,83.01,20174
699,22,2017,4,Santiago del Estero,6.84,27.57,20174
700,21,2017,4,Santa Fe,21.61,68.73,20174
701,20,2017,4,Santa Cruz,14.17,47.62,20174
702,19,2017,4,San Luis,11.08,38.72,20174
703,18,2017,4,San Juan,15.19,59.65,20174
704,17,2017,4,Salta,10.25,42.32,20174
705,16,2017,4,Río Negro,20.42,66.39,20174
706,15,2017,4,Neuquén,16.1,54.08,20174
707,14,2017,4,Misiones,9.52,34.94,20174
708,13,2017,4,Mendoza,19.89,71.28,20174
709,12,2017,4,La Rioja,10.07,37.83,20174
710,11,2017,4,La Pampa,23.99,72.81,20174
711,10,2017,4,Jujuy,7.62,29.81,20174
712,9,2017,4,Formosa,7.01,27.54,20174
713,8,2017,4,Entre Ríos,16.65,55.69,20174
714,6,2017,4,Corrientes,9.41,35.72,20174
715,7,2017,4,Córdoba,19.44,63.5,20174
716,5,2017,4,Chubut,21.07,68.73,20174
717,4,2017,4,Chaco,8.79,32.9,20174
718,3,2017,4,Catamarca,9.61,37.79,20174
719,2,2017,4,CABA,52.87,125.25,20174
720,1,2017,4,Buenos Aires,28.86,90.08,20174
721,24,2017,3,Tucumán,13.08,52.81,20173
722,23,2017,3,Tierra del Fuego,24.69,83.27,20173
723,22,2017,3,Santiago del Estero,6.97,28.1,20173
724,21,2017,3,Santa Fe,21.57,68.6,20173
725,20,2017,3,Santa Cruz,13.51,45.4,20173
726,19,2017,3,San Luis,11.12,38.84,20173
727,18,2017,3,San Juan,15.01,58.92,20173
728,17,2017,3,Salta,10.31,42.57,20173
729,16,2017,3,Río Negro,20.25,65.84,20173
730,15,2017,3,Neuquén,16.14,54.22,20173
731,14,2017,3,Misiones,9.17,33.68,20173
732,13,2017,3,Mendoza,19.77,70.85,20173
733,12,2017,3,La Rioja,10.17,38.21,20173
734,11,2017,3,La Pampa,23.88,72.49,20173
735,10,2017,3,Jujuy,7.67,29.98,20173
736,9,2017,3,Formosa,7.04,27.67,20173
737,8,2017,3,Entre Ríos,16.81,56.22,20173
738,6,2017,3,Corrientes,9.48,35.98,20173
739,7,2017,3,Córdoba,19.5,63.68,20173
740,5,2017,3,Chubut,20.41,66.58,20173
741,4,2017,3,Chaco,8.88,33.23,20173
742,3,2017,3,Catamarca,9.68,38.05,20173
743,2,2017,3,CABA,52.45,123.09,20173
744,1,2017,3,Buenos Aires,28.33,88.63,20173
745,24,2017,2,Tucumán,13.04,52.65,20172
746,23,2017,2,Tierra del Fuego,24.32,82.01,20172
747,22,2017,2,Santiago del Estero,7.04,28.38,20172
748,21,2017,2,Santa Fe,21.67,68.91,20172
749,20,2017,2,Santa Cruz,13.46,45.23,20172
750,19,2017,2,San Luis,11.03,38.53,20172
751,18,2017,2,San Juan,14.37,56.4,20172
752,17,2017,2,Salta,10.31,42.56,20172
753,16,2017,2,Río Negro,19.92,64.77,20172
754,15,2017,2,Neuquén,15.75,52.92,20172
755,14,2017,2,Misiones,9.19,33.73,20172
756,13,2017,2,Mendoza,19.42,69.6,20172
757,12,2017,2,La Rioja,10.17,38.19,20172
758,11,2017,2,La Pampa,23.69,71.89,20172
759,10,2017,2,Jujuy,7.66,29.96,20172
760,9,2017,2,Formosa,6.97,27.4,20172
761,8,2017,2,Entre Ríos,16.88,56.44,20172
762,6,2017,2,Corrientes,9.49,36.03,20172
763,7,2017,2,Córdoba,19.52,63.75,20172
764,5,2017,2,Chubut,20.0,65.24,20172
765,4,2017,2,Chaco,8.92,33.37,20172
766,3,2017,2,Catamarca,9.63,37.85,20172
767,2,2017,2,CABA,51.66,121.27,20172
768,1,2017,2,Buenos Aires,29.22,91.58,20172
769,24,2017,1,Tucumán,13.17,53.16,20171
770,23,2017,1,Tierra del Fuego,25.11,84.69,20171
771,22,2017,1,Santiago del Estero,6.9,27.79,20171
772,21,2017,1,Santa Fe,21.72,69.06,20171
773,20,2017,1,Santa Cruz,14.47,48.61,20171
774,19,2017,1,San Luis,11.19,39.11,20171
775,18,2017,1,San Juan,15.32,60.16,20171
776,17,2017,1,Salta,10.35,42.75,20171
777,16,2017,1,Río Negro,20.64,67.09,20171
778,15,2017,1,Neuquén,16.27,54.66,20171
779,14,2017,1,Misiones,9.6,35.26,20171
780,13,2017,1,Mendoza,20.06,71.88,20171
781,12,2017,1,La Rioja,10.18,38.23,20171
782,11,2017,1,La Pampa,24.15,73.3,20171
783,10,2017,1,Jujuy,7.69,30.07,20171
784,9,2017,1,Formosa,7.06,27.73,20171
785,8,2017,1,Entre Ríos,16.77,56.1,20171
786,6,2017,1,Corrientes,9.47,35.97,20171
787,7,2017,1,Córdoba,19.56,63.87,20171
788,5,2017,1,Chubut,21.36,69.67,20171
789,4,2017,1,Chaco,8.86,33.16,20171
790,3,2017,1,Catamarca,9.68,38.05,20171
791,2,2017,1,CABA,52.62,123.37,20171
792,1,2017,1,Buenos Aires,29.04,91.2,20171
793,24,2016,4,Tucumán,13.04,52.65,20164
794,23,2016,4,Tierra del Fuego,24.61,83.01,20164
795,22,2016,4,Santiago del Estero,6.84,27.57,20164
796,21,2016,4,Santa Fe,21.61,68.73,20164
797,20,2016,4,Santa Cruz,14.17,47.62,20164
798,19,2016,4,San Luis,11.08,38.72,20164
799,18,2016,4,San Juan,15.19,59.65,20164
800,17,2016,4,Salta,10.25,42.32,20164
801,16,2016,4,Río Negro,20.42,66.39,20164
802,15,2016,4,Neuquén,16.1,54.08,20164
803,14,2016,4,Misiones,9.52,34.94,20164
804,13,2016,4,Mendoza,19.89,71.28,20164
805,12,2016,4,La Rioja,10.07,37.83,20164
806,11,2016,4,La Pampa,23.99,72.81,20164
807,10,2016,4,Jujuy,7.62,29.81,20164
808,9,2016,4,Formosa,7.01,27.54,20164
809,8,2016,4,Entre Ríos,16.65,55.69,20164
810,6,2016,4,Corrientes,9.41,35.72,20164
811,7,2016,4,Córdoba,19.44,63.5,20164
812,5,2016,4,Chubut,21.07,68.73,20164
813,4,2016,4,Chaco,8.79,32.9,20164
814,3,2016,4,Catamarca,9.61,37.79,20164
815,2,2016,4,CABA,52.87,125.25,20164
816,1,2016,4,Buenos Aires,28.86,90.08,20164
817,24,2016,3,Tucumán,13.08,52.81,20163
818,23,2016,3,Tierra del Fuego,24.69,83.27,20163
819,22,2016,3,Santiago del Estero,6.97,28.1,20163
820,21,2016,3,Santa Fe,21.57,68.6,20163
821,20,2016,3,Santa Cruz,13.51,45.4,20163
822,19,2016,3,San Luis,11.12,38.84,20163
823,18,2016,3,San Juan,15.01,58.92,20163
824,17,2016,3,Salta,10.31,42.57,20163
825,16,2016,3,Río Negro,20.25,65.84,20163
826,15,2016,3,Neuquén,16.14,54.22,20163
827,14,2016,3,Misiones,9.17,33.68,20163
828,13,2016,3,Mendoza,19.77,70.85,20163
829,12,2016,3,La Rioja,10.17,38.21,20163
830,11,2016,3,La Pampa,23.88,72.49,20163
831,10,2016,3,Jujuy,7.67,29.98,20163
832,9,2016,3,Formosa,7.04,27.67,20163
833,8,2016,3,Entre Ríos,16.81,56.22,20163
834,6,2016,3,Corrientes,9.48,35.98,20163
835,7,2016,3,Córdoba,19.5,63.68,20163
836,5,2016,3,Chubut,20.41,66.58,20163
837,4,2016,3,Chaco,8.88,33.23,20163
838,3,2016,3,Catamarca,9.68,38.05,20163
839,2,2016,3,CABA,52.45,123.09,20163
840,1,2016,3,Buenos Aires,28.33,88.63,20163
841,24,2016,2,Tucumán,13.04,52.65,20162
842,23,2016,2,Tierra del Fuego,24.32,82.01,20162
843,22,2016,2,Santiago del Estero,7.04,28.38,20162
844,21,2016,2,Santa Fe,21.67,68.91,20162
845,20,2016,2,Santa Cruz,13.46,45.23,20162
846,19,2016,2,San Luis,11.03,38.53,20162
847,18,2016,2,San Juan,14.37,56.4,20162
848,17,2016,2,Salta,10.31,42.56,20162
849,16,2016,2,Río Negro,19.92,64.77,20162
850,15,2016,2,Neuquén,15.75,52.92,20162
851,14,2016,2,Misiones,9.19,33.73,20162
852,13,2016,2,Mendoza,19.42,69.6,20162
853,12,2016,2,La Rioja,10.17,38.19,20162
854,11,2016,2,La Pampa,23.69,71.89,20162
855,10,2016,2,Jujuy,7.66,29.96,20162
856,9,2016,2,Formosa,6.97,27.4,20162
857,8,2016,2,Entre Ríos,16.88,56.44,20162
858,6,2016,2,Corrientes,9.49,36.03,20162
859,7,2016,2,Córdoba,19.52,63.75,20162
860,5,2016,2,Chubut,20.0,65.24,20162
861,4,2016,2,Chaco,8.92,33.37,20162
862,3,2016,2,Catamarca,9.63,37.85,20162
863,2,2016,2,CABA,51.66,121.27,20162
864,1,2016,2,Buenos Aires,29.22,91.58,20162
865,24,2016,1,Tucumán,13.17,53.16,20161
866,23,2016,1,Tierra del Fuego,25.11,84.69,20161
867,22,2016,1,Santiago del Estero,6.9,27.79,20161
868,21,2016,1,Santa Fe,21.72,69.06,20161
869,20,2016,1,Santa Cruz,14.47,48.61,20161
870,19,2016,1,San Luis,11.19,39.11,20161
871,18,2016,1,San Juan,15.32,60.16,20161
872,17,2016,1,Salta,10.35,42.75,20161
873,16,2016,1,Río Negro,20.64,67.09,20161
874,15,2016,1,Neuquén,16.27,54.66,20161
875,14,2016,1,Misiones,9.6,35.26,20161
876,13,2016,1,Mendoza,20.06,71.88,20161
877,12,2016,1,La Rioja,10.18,38.23,20161
878,11,2016,1,La Pampa,24.15,73.3,20161
879,10,2016,1,Jujuy,7.69,30.07,20161
880,9,2016,1,Formosa,7.06,27.73,20161
881,8,2016,1,Entre Ríos,16.77,56.1,20161
882,6,2016,1,Corrientes,9.47,35.97,20161
883,7,2016,1,Córdoba,19.56,63.87,20161
884,5,2016,1,Chubut,21.36,69.67,20161
885,4,2016,1,Chaco,8.86,33.16,20161
886,3,2016,1,Catamarca,9.68,38.05,20161
887,2,2016,1,CABA,52.62,123.37,20161
888,1,2016,1,Buenos Aires,29.04,91.2,20161
889,24,2015,4,Tucumán,13.35,53.87,20154
890,23,2015,4,Tierra del Fuego,23.06,77.77,20154
891,22,2015,4,Santiago del Estero,7.35,29.62,20154
892,21,2015,4,Santa Fe,22.24,70.73,20154
893,20,2015,4,Santa Cruz,16.32,54.85,20154
894,19,2015,4,San Luis,11.07,38.67,20154
895,18,2015,4,San Juan,14.06,55.19,20154
896,17,2015,4,Salta,10.52,43.45,20154
897,16,2015,4,Río Negro,19.22,62.47,20154
898,15,2015,4,Neuquén,17.37,58.34,20154
899,14,2015,4,Misiones,9.35,34.31,20154
900,13,2015,4,Mendoza,19.06,68.31,20154
901,12,2015,4,La Rioja,10.43,39.17,20154
902,11,2015,4,La Pampa,23.15,70.27,20154
903,10,2015,4,Jujuy,7.79,30.45,20154
904,9,2015,4,Formosa,7.15,28.08,20154
905,8,2015,4,Entre Ríos,17.24,57.67,20154
906,6,2015,4,Corrientes,10.01,38.03,20154
907,7,2015,4,Córdoba,20.13,65.75,20154
908,5,2015,4,Chubut,19.43,63.37,20154
909,4,2015,4,Chaco,9.0,33.67,20154
910,3,2015,4,Catamarca,9.85,38.74,20154
911,2,2015,4,CABA,51.45,121.24,20154
912,1,2015,4,Buenos Aires,28.17,88.65,20154
913,24,2015,3,Tucumán,13.37,53.98,20153
914,23,2015,3,Tierra del Fuego,22.97,77.47,20153
915,22,2015,3,Santiago del Estero,7.44,29.97,20153
916,21,2015,3,Santa Fe,22.54,71.68,20153
917,20,2015,3,Santa Cruz,18.64,62.62,20153
918,19,2015,3,San Luis,11.12,38.84,20153
919,18,2015,3,San Juan,13.95,54.77,20153
920,17,2015,3,Salta,10.56,43.59,20153
921,16,2015,3,Río Negro,19.11,62.12,20153
922,15,2015,3,Neuquén,15.9,53.41,20153
923,14,2015,3,Misiones,9.5,34.87,20153
924,13,2015,3,Mendoza,18.97,67.97,20153
925,12,2015,3,La Rioja,10.49,39.39,20153
926,11,2015,3,La Pampa,22.89,69.47,20153
927,10,2015,3,Jujuy,7.79,30.45,20153
928,9,2015,3,Formosa,7.21,28.31,20153
929,8,2015,3,Entre Ríos,17.77,59.44,20153
930,6,2015,3,Corrientes,10.34,39.25,20153
931,7,2015,3,Córdoba,20.36,66.5,20153
932,5,2015,3,Chubut,19.36,63.15,20153
933,4,2015,3,Chaco,9.36,35.02,20153
934,3,2015,3,Catamarca,9.87,38.81,20153
935,2,2015,3,CABA,53.27,126.17,20153
936,1,2015,3,Buenos Aires,28.24,89.06,20153
937,24,2015,2,Tucumán,13.34,53.83,20152
938,23,2015,2,Tierra del Fuego,22.5,75.85,20152
939,22,2015,2,Santiago del Estero,7.56,30.46,20152
940,21,2015,2,Santa Fe,22.52,71.61,20152
941,20,2015,2,Santa Cruz,18.42,61.89,20152
942,19,2015,2,San Luis,11.11,38.81,20152
943,18,2015,2,San Juan,13.65,53.58,20152
944,17,2015,2,Salta,10.58,43.69,20152
945,16,2015,2,Río Negro,18.83,61.2,20152
946,15,2015,2,Neuquén,15.79,53.02,20152
947,14,2015,2,Misiones,9.3,34.15,20152
948,13,2015,2,Mendoza,18.6,66.63,20152
949,12,2015,2,La Rioja,10.59,39.78,20152
950,11,2015,2,La Pampa,22.79,69.15,20152
951,10,2015,2,Jujuy,7.76,30.36,20152
952,9,2015,2,Formosa,7.23,28.4,20152
953,8,2015,2,Entre Ríos,17.41,58.21,20152
954,6,2015,2,Corrientes,10.15,38.54,20152
955,7,2015,2,Córdoba,20.32,66.35,20152
956,5,2015,2,Chubut,19.01,62.01,20152
957,4,2015,2,Chaco,9.13,34.15,20152
958,3,2015,2,Catamarca,9.87,38.8,20152
959,2,2015,2,CABA,54.18,128.99,20152
960,1,2015,2,Buenos Aires,28.03,88.59,20152
961,24,2015,1,Tucumán,13.38,54.02,20151
962,23,2015,1,Tierra del Fuego,22.15,74.68,20151
963,22,2015,1,Santiago del Estero,7.58,30.54,20151
964,21,2015,1,Santa Fe,22.62,71.94,20151
965,20,2015,1,Santa Cruz,18.17,61.05,20151
966,19,2015,1,San Luis,10.97,38.34,20151
967,18,2015,1,San Juan,13.36,52.44,20151
968,17,2015,1,Salta,10.62,43.84,20151
969,16,2015,1,Río Negro,18.31,59.52,20151
970,15,2015,1,Neuquén,15.58,52.35,20151
971,14,2015,1,Misiones,9.33,34.25,20151
972,13,2015,1,Mendoza,18.05,64.69,20151
973,12,2015,1,La Rioja,10.63,39.92,20151
974,11,2015,1,La Pampa,22.47,68.21,20151
975,10,2015,1,Jujuy,7.79,30.45,20151
976,9,2015,1,Formosa,7.25,28.48,20151
977,8,2015,1,Entre Ríos,17.45,58.36,20151
978,6,2015,1,Corrientes,10.17,38.63,20151
979,7,2015,1,Córdoba,20.51,66.99,20151
980,5,2015,1,Chubut,18.51,60.38,20151
981,4,2015,1,Chaco,9.15,34.24,20151
982,3,2015,1,Catamarca,9.89,38.89,20151
983,2,2015,1,CABA,53.53,128.08,20151
984,1,2015,1,Buenos Aires,28.93,91.61,20151
985,24,2014,4,Tucumán,13.47,54.39,20144
986,23,2014,4,Tierra del Fuego,21.96,74.05,20144
987,22,2014,4,Santiago del Estero,7.65,30.81,20144
988,21,2014,4,Santa Fe,22.79,72.46,20144
989,20,2014,4,Santa Cruz,13.17,44.26,20144
990,19,2014,4,San Luis,10.84,37.88,20144
991,18,2014,4,San Juan,12.96,50.88,20144
992,17,2014,4,Salta,10.68,44.08,20144
993,16,2014,4,Río Negro,17.8,57.87,20144
994,15,2014,4,Neuquén,15.29,51.34,20144
995,14,2014,4,Misiones,9.47,34.75,20144
996,13,2014,4,Mendoza,17.49,62.68,20144
997,12,2014,4,La Rioja,10.74,40.33,20144
998,11,2014,4,La Pampa,21.41,64.99,20144
999,10,2014,4,Jujuy,7.81,30.55,20144
1000,9,2014,4,Formosa,7.31,28.73,20144
1001,8,2014,4,Entre Ríos,17.51,58.56,20144
1002,6,2014,4,Corrientes,9.89,37.55,20144
1003,7,2014,4,Córdoba,20.65,67.43,20144
1004,5,2014,4,Chubut,17.76,57.92,20144
1005,4,2014,4,Chaco,9.28,34.71,20144
1006,3,2014,4,Catamarca,9.99,39.27,20144
1007,2,2014,4,CABA,52.93,127.29,20144
1008,1,2014,4,Buenos Aires,26.96,85.55,20144
1009,24,2014,3,Tucumán,13.52,54.56,20143
1010,23,2014,3,Tierra del Fuego,21.97,74.08,20143
1011,22,2014,3,Santiago del Estero,7.69,30.98,20143
1012,21,2014,3,Santa Fe,22.9,72.83,20143
1013,20,2014,3,Santa Cruz,13.11,44.03,20143
1014,19,2014,3,San Luis,10.78,37.67,20143
1015,18,2014,3,San Juan,12.72,49.91,20143
1016,17,2014,3,Salta,10.72,44.27,20143
1017,16,2014,3,Río Negro,17.57,57.13,20143
1018,15,2014,3,Neuquén,15.16,50.92,20143
1019,14,2014,3,Misiones,9.52,34.93,20143
1020,13,2014,3,Mendoza,17.15,61.44,20143
1021,12,2014,3,La Rioja,10.83,40.69,20143
1022,11,2014,3,La Pampa,21.2,64.33,20143
1023,10,2014,3,Jujuy,7.82,30.59,20143
1024,9,2014,3,Formosa,7.36,28.92,20143
1025,8,2014,3,Entre Ríos,17.59,58.84,20143
1026,6,2014,3,Corrientes,9.94,37.74,20143
1027,7,2014,3,Córdoba,20.74,67.73,20143
1028,5,2014,3,Chubut,17.57,57.32,20143
1029,4,2014,3,Chaco,9.35,34.97,20143
1030,3,2014,3,Catamarca,10.02,39.39,20143
1031,2,2014,3,CABA,52.69,127.35,20143
1032,1,2014,3,Buenos Aires,26.69,84.85,20143
1033,24,2014,2,Tucumán,13.49,54.47,20142
1034,23,2014,2,Tierra del Fuego,22.08,74.44,20142
1035,22,2014,2,Santiago del Estero,7.7,31.02,20142
1036,21,2014,2,Santa Fe,22.8,72.51,20142
1037,20,2014,2,Santa Cruz,13.11,44.04,20142
1038,19,2014,2,San Luis,10.89,38.03,20142
1039,18,2014,2,San Juan,12.67,49.73,20142
1040,17,2014,2,Salta,10.75,44.37,20142
1041,16,2014,2,Río Negro,17.62,57.28,20142
1042,15,2014,2,Neuquén,15.22,51.12,20142
1043,14,2014,2,Misiones,9.45,34.7,20142
1044,13,2014,2,Mendoza,17.2,61.64,20142
1045,12,2014,2,La Rioja,10.9,40.94,20142
1046,11,2014,2,La Pampa,21.45,65.09,20142
1047,10,2014,2,Jujuy,7.82,30.59,20142
1048,9,2014,2,Formosa,7.37,28.95,20142
1049,8,2014,2,Entre Ríos,17.12,57.25,20142
1050,6,2014,2,Corrientes,9.69,36.8,20142
1051,7,2014,2,Córdoba,20.91,68.28,20142
1052,5,2014,2,Chubut,17.57,57.31,20142
1053,4,2014,2,Chaco,9.06,33.89,20142
1054,3,2014,2,Catamarca,10.02,39.38,20142
1055,2,2014,2,CABA,52.56,127.68,20142
1056,1,2014,2,Buenos Aires,26.61,84.74,20142
1057,24,2014,1,Tucumán,13.47,54.39,20141
1058,23,2014,1,Tierra del Fuego,22.23,74.98,20141
1059,22,2014,1,Santiago del Estero,7.73,31.15,20141
1060,21,2014,1,Santa Fe,22.93,72.91,20141
1061,20,2014,1,Santa Cruz,13.17,44.25,20141
1062,19,2014,1,San Luis,10.92,38.17,20141
1063,18,2014,1,San Juan,12.71,49.89,20141
1064,17,2014,1,Salta,10.76,44.44,20141
1065,16,2014,1,Río Negro,17.69,57.51,20141
1066,15,2014,1,Neuquén,15.27,51.29,20141
1067,14,2014,1,Misiones,9.49,34.85,20141
1068,13,2014,1,Mendoza,17.26,61.84,20141
1069,12,2014,1,La Rioja,10.98,41.24,20141
1070,11,2014,1,La Pampa,21.26,64.52,20141
1071,10,2014,1,Jujuy,7.81,30.56,20141
1072,9,2014,1,Formosa,7.38,28.98,20141
1073,8,2014,1,Entre Ríos,17.14,57.33,20141
1074,6,2014,1,Corrientes,9.71,36.88,20141
1075,7,2014,1,Córdoba,21.09,68.88,20141
1076,5,2014,1,Chubut,17.66,57.59,20141
1077,4,2014,1,Chaco,9.09,34.02,20141
1078,3,2014,1,Catamarca,10.03,39.45,20141
1079,2,2014,1,CABA,52.66,128.57,20141
1080,1,2014,1,Buenos Aires,26.72,85.26,20141
