Año,Trimestre,Provincia,Banda Ancha Fija,Dial Up,Total,Periodo
2025,1,Buenos Aires,5285374,5522,5290896,2025-T1
2025,1,CABA,1476158,2778,1478936,2025-T1
2025,1,Catamarca,79017,0,79017,2025-T1
2025,1,Chaco,167656,50,167661,2025-T1
2025,1,Chubut,183958,7630,184721,2025-T1
2025,1,Córdoba,1125143,590,1125202,2025-T1
2025,1,Corrientes,163901,30,163904,2025-T1
2025,1,Entre Ríos,303799,200,303819,2025-T1
2025,1,Formosa,66050,0,66050,2025-T1
2025,1,Jujuy,131870,0,131870,2025-T1
2025,1,La Pampa,129449,1490,129598,2025-T1
2025,1,La Rioja,88589,40,88593,2025-T1
2025,1,Mendoza,343841,6570,344498,2025-T1
2025,1,Misiones,213028,0,213028,2025-T1
2025,1,Neuquén,192448,3990,192847,2025-T1
2025,1,Río Negro,182554,4820,183036,2025-T1
2025,1,Salta,191765,50,191770,2025-T1
2025,1,San Juan,128427,2240,128651,2025-T1
2025,1,San Luis,177714,1410,177855,2025-T1
2025,1,Santa Cruz,83277,1770,83454,2025-T1
2025,1,Santa Fe,918809,1390,918948,2025-T1
2025,1,Santiago Del Estero,116538,20,116540,2025-T1
2025,1,Tierra Del Fuego,57983,2970,58280,2025-T1
2025,1,Tucumán,272417,260,272443,2025-T1
2024,4,Buenos Aires,5215620,5561,5221181,2024-T4
2024,4,CABA,1461395,2792,1464187,2024-T4
2024,4,Catamarca,77427,0,77427,2024-T4
2024,4,Chaco,163855,50,163860,2024-T4
2024,4,Chubut,180272,7760,181048,2024-T4
2024,4,Córdoba,1107249,590,1107308,2024-T4
2024,4,Corrientes,159753,30,159756,2024-T4
2024,4,Entre Ríos,300825,200,300845,2024-T4
2024,4,Formosa,65155,0,65155,2024-T4
2024,4,Jujuy,130707,0,130707,2024-T4
2024,4,La Pampa,128192,1490,128341,2024-T4
2024,4,La Rioja,87805,40,87809,2024-T4
2024,4,Mendoza,337271,6640,337935,2024-T4
2024,4,Misiones,211185,0,211185,2024-T4
2024,4,Neuquén,186707,4050,187112,2024-T4
2024,4,Río Negro,178985,4870,179472,2024-T4
2024,4,Salta,189700,50,189705,2024-T4
2024,4,San Juan,126615,2240,126839,2024-T4
2024,4,San Luis,175625,1440,175769,2024-T4
2024,4,Santa Cruz,82681,1780,82859,2024-T4
2024,4,Santa Fe,908637,1390,908776,2024-T4
2024,4,Santiago Del Estero,110880,20,110882,2024-T4
2024,4,Tierra Del Fuego,56977,2970,57274,2024-T4
2024,4,Tucumán,270162,260,270188,2024-T4
2024,3,Buenos Aires,5018987,59,5024887,2024-T3
2024,3,CABA,1457405,205,1459455,2024-T3
2024,3,Catamarca,76947,10,76948,2024-T3
2024,3,Chaco,162362,50,162367,2024-T3
2024,3,Chubut,174952,8570,175809,2024-T3
2024,3,Córdoba,1107263,630,1107326,2024-T3
2024,3,Corrientes,158407,30,158410,2024-T3
2024,3,Entre Ríos,297547,200,297567,2024-T3
2024,3,Formosa,63917,0,63917,2024-T3
2024,3,Jujuy,130285,0,130285,2024-T3
2024,3,La Pampa,127348,1620,127510,2024-T3
2024,3,La Rioja,87799,40,87803,2024-T3
2024,3,Mendoza,306813,7300,307543,2024-T3
2024,3,Misiones,209118,0,209118,2024-T3
2024,3,Neuquén,168237,4390,168676,2024-T3
2024,3,Río Negro,177310,5150,177825,2024-T3
2024,3,Salta,203784,50,203789,2024-T3
2024,3,San Juan,107528,2470,107775,2024-T3
2024,3,San Luis,170306,1650,170471,2024-T3
2024,3,Santa Cruz,84172,1870,84359,2024-T3
2024,3,Santa Fe,935119,1400,935259,2024-T3
2024,3,Santiago Del Estero,129107,20,129109,2024-T3
2024,3,Tierra Del Fuego,57788,3050,58093,2024-T3
2024,3,Tucumán,272634,270,272661,2024-T3
2024,2,Buenos Aires,4983480,59,4989380,2024-T2
2024,2,CABA,1461549,205,1463599,2024-T2
2024,2,Catamarca,75073,10,75074,2024-T2
2024,2,Chaco,147087,50,147092,2024-T2
2024,2,Chubut,173366,8570,174223,2024-T2
2024,2,Córdoba,1085711,630,1085774,2024-T2
2024,2,Corrientes,156472,30,156475,2024-T2
2024,2,Entre Ríos,294291,200,294311,2024-T2
2024,2,Formosa,62950,0,62950,2024-T2
2024,2,Jujuy,119684,0,119684,2024-T2
2024,2,La Pampa,123101,1620,123263,2024-T2
2024,2,La Rioja,87477,40,87481,2024-T2
2024,2,Mendoza,300923,7300,301653,2024-T2
2024,2,Misiones,206554,0,206554,2024-T2
2024,2,Neuquén,163103,4390,163542,2024-T2
2024,2,Río Negro,171526,5150,172041,2024-T2
2024,2,Salta,201336,50,201341,2024-T2
2024,2,San Juan,105743,2470,105990,2024-T2
2024,2,San Luis,157444,1650,157609,2024-T2
2024,2,Santa Cruz,83274,1870,83461,2024-T2
2024,2,Santa Fe,930867,1060,930973,2024-T2
2024,2,Santiago Del Estero,125312,20,125314,2024-T2
2024,2,Tierra Del Fuego,61104,3050,61409,2024-T2
2024,2,Tucumán,266887,270,266914,2024-T2
2024,1,Buenos Aires,5038657,59,5044557,2024-T1
2024,1,CABA,1502661,205,1504711,2024-T1
2024,1,Catamarca,74932,10,74933,2024-T1
2024,1,Chaco,155538,50,155543,2024-T1
2024,1,Chubut,169819,8570,170676,2024-T1
2024,1,Córdoba,1082136,630,1082199,2024-T1
2024,1,Corrientes,157891,30,157894,2024-T1
2024,1,Entre Ríos,296532,200,296552,2024-T1
2024,1,Formosa,62718,0,62718,2024-T1
2024,1,Jujuy,118053,0,118053,2024-T1
2024,1,La Pampa,122033,1620,122195,2024-T1
2024,1,La Rioja,87778,40,87782,2024-T1
2024,1,Mendoza,301867,7300,302597,2024-T1
2024,1,Misiones,202556,0,202556,2024-T1
2024,1,Neuquén,163807,4390,164246,2024-T1
2024,1,Río Negro,170504,5150,171019,2024-T1
2024,1,Salta,202856,50,202861,2024-T1
2024,1,San Juan,106419,2470,106666,2024-T1
2024,1,San Luis,155925,1650,156090,2024-T1
2024,1,Santa Cruz,80021,1870,80208,2024-T1
2024,1,Santa Fe,918482,1060,918588,2024-T1
2024,1,Santiago Del Estero,124360,20,124362,2024-T1
2024,1,Tierra Del Fuego,61250,3050,61555,2024-T1
2024,1,Tucumán,264568,270,264595,2024-T1
2023,4,Buenos Aires,5005720,59,5011620,2023-T4
2023,4,CABA,1472317,205,1474367,2023-T4
2023,4,Catamarca,74586,10,74587,2023-T4
2023,4,Chaco,147381,50,147386,2023-T4
2023,4,Chubut,169313,8570,170170,2023-T4
2023,4,Córdoba,1079239,630,1079302,2023-T4
2023,4,Corrientes,159469,30,159472,2023-T4
2023,4,Entre Ríos,298617,200,298637,2023-T4
2023,4,Formosa,62002,0,62002,2023-T4
2023,4,Jujuy,118020,0,118020,2023-T4
2023,4,La Pampa,121164,1620,121326,2023-T4
2023,4,La Rioja,87717,40,87721,2023-T4
2023,4,Mendoza,298621,7300,299351,2023-T4
2023,4,Misiones,200333,0,200333,2023-T4
2023,4,Neuquén,164188,4390,164627,2023-T4
2023,4,Río Negro,167902,5150,168417,2023-T4
2023,4,Salta,204727,50,204732,2023-T4
2023,4,San Juan,102963,2470,103210,2023-T4
2023,4,San Luis,154520,1650,154685,2023-T4
2023,4,Santa Cruz,86844,1870,87031,2023-T4
2023,4,Santa Fe,909395,1060,909501,2023-T4
2023,4,Santiago Del Estero,123228,20,123230,2023-T4
2023,4,Tierra Del Fuego,61294,3050,61599,2023-T4
2023,4,Tucumán,266308,270,266335,2023-T4
2023,3,Buenos Aires,4962337,59,4968237,2023-T3
2023,3,CABA,1465934,205,1467984,2023-T3
2023,3,Catamarca,74354,10,74355,2023-T3
2023,3,Chaco,142141,50,142146,2023-T3
2023,3,Chubut,167211,8570,168068,2023-T3
2023,3,Córdoba,1069271,630,1069334,2023-T3
2023,3,Corrientes,159826,30,159829,2023-T3
2023,3,Entre Ríos,293273,200,293293,2023-T3
2023,3,Formosa,61314,0,61314,2023-T3
2023,3,Jujuy,117377,0,117377,2023-T3
2023,3,La Pampa,119759,1620,119921,2023-T3
2023,3,La Rioja,87697,40,87701,2023-T3
2023,3,Mendoza,297292,7300,298022,2023-T3
2023,3,Misiones,197135,0,197135,2023-T3
2023,3,Neuquén,163834,4390,164273,2023-T3
2023,3,Río Negro,162970,5150,163485,2023-T3
2023,3,Salta,206228,50,206233,2023-T3
2023,3,San Juan,103483,2470,103730,2023-T3
2023,3,San Luis,148751,1650,148916,2023-T3
2023,3,Santa Cruz,47800,1870,47987,2023-T3
2023,3,Santa Fe,900246,1060,900352,2023-T3
2023,3,Santiago Del Estero,121926,20,121928,2023-T3
2023,3,Tierra Del Fuego,58426,3050,58731,2023-T3
2023,3,Tucumán,266530,270,266557,2023-T3
2023,2,Buenos Aires,4879442,6046,4885488,2023-T2
2023,2,CABA,1455578,21,1457678,2023-T2
2023,2,Catamarca,72989,10,72990,2023-T2
2023,2,Chaco,141850,50,141855,2023-T2
2023,2,Chubut,163078,8830,163961,2023-T2
2023,2,Córdoba,1067686,650,1067751,2023-T2
2023,2,Corrientes,158290,40,158294,2023-T2
2023,2,Entre Ríos,273927,200,273947,2023-T2
2023,2,Formosa,60350,0,60350,2023-T2
2023,2,Jujuy,117442,0,117442,2023-T2
2023,2,La Pampa,118744,1660,118910,2023-T2
2023,2,La Rioja,86968,40,86972,2023-T2
2023,2,Mendoza,296921,7550,297676,2023-T2
2023,2,Misiones,195471,0,195471,2023-T2
2023,2,Neuquén,161289,4570,161746,2023-T2
2023,2,Río Negro,162848,5310,163379,2023-T2
2023,2,Salta,205323,50,205328,2023-T2
2023,2,San Juan,97189,2600,97449,2023-T2
2023,2,San Luis,140575,1730,140748,2023-T2
2023,2,Santa Cruz,48410,1920,48602,2023-T2
2023,2,Santa Fe,895706,1080,895814,2023-T2
2023,2,Santiago Del Estero,117807,20,117809,2023-T2
2023,2,Tierra Del Fuego,58325,3100,58635,2023-T2
2023,2,Tucumán,263573,290,263602,2023-T2
2023,1,Buenos Aires,4814729,6199,4820928,2023-T1
2023,1,CABA,1546584,2145,1548729,2023-T1
2023,1,Catamarca,71491,10,71492,2023-T1
2023,1,Chaco,142437,50,142442,2023-T1
2023,1,Chubut,169149,9040,170053,2023-T1
2023,1,Córdoba,1049904,680,1049972,2023-T1
2023,1,Corrientes,157016,40,157020,2023-T1
2023,1,Entre Ríos,274856,220,274878,2023-T1
2023,1,Formosa,60985,0,60985,2023-T1
2023,1,Jujuy,117981,0,117981,2023-T1
2023,1,La Pampa,116333,1710,116504,2023-T1
2023,1,La Rioja,86401,40,86405,2023-T1
2023,1,Mendoza,292242,7770,293019,2023-T1
2023,1,Misiones,190685,0,190685,2023-T1
2023,1,Neuquén,159944,4680,160412,2023-T1
2023,1,Río Negro,163783,5480,164331,2023-T1
2023,1,Salta,205421,50,205426,2023-T1
2023,1,San Juan,101486,2810,101767,2023-T1
2023,1,San Luis,135281,1820,135463,2023-T1
2023,1,Santa Cruz,50163,1980,50361,2023-T1
2023,1,Santa Fe,886164,1100,886274,2023-T1
2023,1,Santiago Del Estero,118553,20,118555,2023-T1
2023,1,Tierra Del Fuego,56801,3120,57113,2023-T1
2023,1,Tucumán,261070,300,261100,2023-T1
2022,4,Buenos Aires,4788466,6199,4794665,2022-T4
2022,4,CABA,1549781,2145,1551926,2022-T4
2022,4,Catamarca,70908,10,70909,2022-T4
2022,4,Chaco,143658,50,143663,2022-T4
2022,4,Chubut,167855,9040,168759,2022-T4
2022,4,Córdoba,1049592,680,1049660,2022-T4
2022,4,Corrientes,155449,40,155453,2022-T4
2022,4,Entre Ríos,270952,220,270974,2022-T4
2022,4,Formosa,61840,0,61840,2022-T4
2022,4,Jujuy,118218,0,118218,2022-T4
2022,4,La Pampa,113993,1710,114164,2022-T4
2022,4,La Rioja,86258,40,86262,2022-T4
2022,4,Mendoza,291327,7770,292104,2022-T4
2022,4,Misiones,186269,0,186269,2022-T4
2022,4,Neuquén,159712,4680,160180,2022-T4
2022,4,Río Negro,161544,5480,162092,2022-T4
2022,4,Salta,205855,50,205860,2022-T4
2022,4,San Juan,103545,2810,103826,2022-T4
2022,4,San Luis,135028,1920,135220,2022-T4
2022,4,Santa Cruz,50005,1980,50203,2022-T4
2022,4,Santa Fe,887581,1100,887691,2022-T4
2022,4,Santiago Del Estero,119492,20,119494,2022-T4
2022,4,Tierra Del Fuego,54948,3120,55260,2022-T4
2022,4,Tucumán,263392,300,263422,2022-T4
2022,3,Buenos Aires,4715469,6199,4721668,2022-T3
2022,3,CABA,1545534,2145,1547679,2022-T3
2022,3,Catamarca,70292,10,70293,2022-T3
2022,3,Chaco,144141,50,144146,2022-T3
2022,3,Chubut,164874,9040,165778,2022-T3
2022,3,Córdoba,1038600,680,1038668,2022-T3
2022,3,Corrientes,144842,40,144846,2022-T3
2022,3,Entre Ríos,268937,220,268959,2022-T3
2022,3,Formosa,68537,10,68538,2022-T3
2022,3,Jujuy,118823,0,118823,2022-T3
2022,3,La Pampa,115921,1710,116092,2022-T3
2022,3,La Rioja,86860,40,86864,2022-T3
2022,3,Mendoza,288746,7770,289523,2022-T3
2022,3,Misiones,182157,0,182157,2022-T3
2022,3,Neuquén,162693,4680,163161,2022-T3
2022,3,Río Negro,160010,5480,160558,2022-T3
2022,3,Salta,204536,50,204541,2022-T3
2022,3,San Juan,103118,2810,103399,2022-T3
2022,3,San Luis,121888,1820,122070,2022-T3
2022,3,Santa Cruz,49312,1980,49510,2022-T3
2022,3,Santa Fe,887700,1100,887810,2022-T3
2022,3,Santiago Del Estero,119030,20,119032,2022-T3
2022,3,Tierra Del Fuego,53584,3120,53896,2022-T3
2022,3,Tucumán,263087,300,263117,2022-T3
2022,2,Buenos Aires,4660984,6199,4667183,2022-T2
2022,2,CABA,1534626,2145,1536771,2022-T2
2022,2,Catamarca,67007,10,67008,2022-T2
2022,2,Chaco,143559,50,143564,2022-T2
2022,2,Chubut,161901,9040,162805,2022-T2
2022,2,Córdoba,1026367,680,1026435,2022-T2
2022,2,Corrientes,144993,40,144997,2022-T2
2022,2,Entre Ríos,269330,220,269352,2022-T2
2022,2,Formosa,67881,0,67881,2022-T2
2022,2,Jujuy,115314,0,115314,2022-T2
2022,2,La Pampa,111356,1710,111527,2022-T2
2022,2,La Rioja,86026,40,86030,2022-T2
2022,2,Mendoza,278785,7770,279562,2022-T2
2022,2,Misiones,178813,0,178813,2022-T2
2022,2,Neuquén,161500,4680,161968,2022-T2
2022,2,Río Negro,159216,5480,159764,2022-T2
2022,2,Salta,203172,50,203177,2022-T2
2022,2,San Juan,100126,2810,100407,2022-T2
2022,2,San Luis,121559,1820,121741,2022-T2
2022,2,Santa Cruz,48987,1980,49185,2022-T2
2022,2,Santa Fe,878749,1100,878859,2022-T2
2022,2,Santiago Del Estero,118042,20,118044,2022-T2
2022,2,Tierra Del Fuego,53458,3120,53770,2022-T2
2022,2,Tucumán,254497,300,254527,2022-T2
2022,1,Buenos Aires,4549131,6293,4555424,2022-T1
2022,1,CABA,1415378,2163,1417541,2022-T1
2022,1,Catamarca,62377,10,62378,2022-T1
2022,1,Chaco,144114,50,144119,2022-T1
2022,1,Chubut,170701,9270,171628,2022-T1
2022,1,Córdoba,1003729,740,1003803,2022-T1
2022,1,Corrientes,142574,40,142578,2022-T1
2022,1,Entre Ríos,267904,220,267926,2022-T1
2022,1,Formosa,54548,0,54548,2022-T1
2022,1,Jujuy,116509,0,116509,2022-T1
2022,1,La Pampa,109560,1720,109732,2022-T1
2022,1,La Rioja,84299,40,84303,2022-T1
2022,1,Mendoza,274399,7860,275185,2022-T1
2022,1,Misiones,171508,0,171508,2022-T1
2022,1,Neuquén,149208,4710,149679,2022-T1
2022,1,Río Negro,156821,5530,157374,2022-T1
2022,1,Salta,197510,50,197515,2022-T1
2022,1,San Juan,87888,2900,88178,2022-T1
2022,1,San Luis,119659,1850,119844,2022-T1
2022,1,Santa Cruz,48898,2040,49102,2022-T1
2022,1,Santa Fe,870364,1150,870479,2022-T1
2022,1,Santiago Del Estero,116459,20,116461,2022-T1
2022,1,Tierra Del Fuego,52298,3130,52611,2022-T1
2022,1,Tucumán,245554,300,245584,2022-T1
2021,4,Buenos Aires,4502772,6385,4509157,2021-T4
2021,4,CABA,1409935,2184,1412119,2021-T4
2021,4,Catamarca,59089,10,59090,2021-T4
2021,4,Chaco,143740,50,143745,2021-T4
2021,4,Chubut,159364,9440,160308,2021-T4
2021,4,Córdoba,986693,770,986770,2021-T4
2021,4,Corrientes,135908,40,135912,2021-T4
2021,4,Entre Ríos,265024,220,265046,2021-T4
2021,4,Formosa,53663,0,53663,2021-T4
2021,4,Jujuy,113915,0,113915,2021-T4
2021,4,La Pampa,106834,1730,107007,2021-T4
2021,4,La Rioja,83124,40,83128,2021-T4
2021,4,Mendoza,266783,8040,267587,2021-T4
2021,4,Misiones,171132,0,171132,2021-T4
2021,4,Neuquén,146989,4770,147466,2021-T4
2021,4,Río Negro,153189,5640,153753,2021-T4
2021,4,Salta,199399,60,199405,2021-T4
2021,4,San Juan,79667,2910,79958,2021-T4
2021,4,San Luis,118662,1870,118849,2021-T4
2021,4,Santa Cruz,48276,2100,48486,2021-T4
2021,4,Santa Fe,866265,1760,866441,2021-T4
2021,4,Santiago Del Estero,115859,20,115861,2021-T4
2021,4,Tierra Del Fuego,52042,3150,52357,2021-T4
2021,4,Tucumán,238609,300,238639,2021-T4
2021,3,Buenos Aires,4246425,5184,4251609,2021-T3
2021,3,CABA,1411797,1608,1413405,2021-T3
2021,3,Catamarca,56253,10,56254,2021-T3
2021,3,Chaco,139868,30,139871,2021-T3
2021,3,Chubut,155266,8000,156066,2021-T3
2021,3,Córdoba,946726,620,946788,2021-T3
2021,3,Corrientes,133816,30,133819,2021-T3
2021,3,Entre Ríos,260360,150,260375,2021-T3
2021,3,Formosa,52795,0,52795,2021-T3
2021,3,Jujuy,111158,0,111158,2021-T3
2021,3,La Pampa,100371,1160,100487,2021-T3
2021,3,La Rioja,82157,30,82160,2021-T3
2021,3,Mendoza,255320,6190,255939,2021-T3
2021,3,Misiones,158528,0,158528,2021-T3
2021,3,Neuquén,139436,3730,139809,2021-T3
2021,3,Río Negro,144084,5010,144585,2021-T3
2021,3,Salta,195831,20,195833,2021-T3
2021,3,San Juan,79227,2560,79483,2021-T3
2021,3,San Luis,117716,1480,117864,2021-T3
2021,3,Santa Cruz,48779,1970,48976,2021-T3
2021,3,Santa Fe,841433,1510,841584,2021-T3
2021,3,Santiago Del Estero,115457,10,115458,2021-T3
2021,3,Tierra Del Fuego,49934,2890,50223,2021-T3
2021,3,Tucumán,232447,250,232472,2021-T3
2021,2,Buenos Aires,4127167,5184,4132351,2021-T2
2021,2,CABA,1398747,1608,1400355,2021-T2
2021,2,Catamarca,55743,10,55744,2021-T2
2021,2,Chaco,140726,30,140729,2021-T2
2021,2,Chubut,138412,8250,139237,2021-T2
2021,2,Córdoba,930818,620,930880,2021-T2
2021,2,Corrientes,129498,30,129501,2021-T2
2021,2,Entre Ríos,257617,150,257632,2021-T2
2021,2,Formosa,51551,0,51551,2021-T2
2021,2,Jujuy,111848,0,111848,2021-T2
2021,2,La Pampa,97551,1160,97667,2021-T2
2021,2,La Rioja,81599,30,81602,2021-T2
2021,2,Mendoza,229052,6190,229671,2021-T2
2021,2,Misiones,156176,0,156176,2021-T2
2021,2,Neuquén,137877,3730,138250,2021-T2
2021,2,Río Negro,143583,5010,144084,2021-T2
2021,2,Salta,191637,20,191639,2021-T2
2021,2,San Juan,78677,2560,78933,2021-T2
2021,2,San Luis,122670,1480,122818,2021-T2
2021,2,Santa Cruz,48785,1970,48982,2021-T2
2021,2,Santa Fe,840449,1510,840600,2021-T2
2021,2,Santiago Del Estero,114089,10,114090,2021-T2
2021,2,Tierra Del Fuego,35404,2890,35693,2021-T2
2021,2,Tucumán,233026,250,233051,2021-T2
2021,1,Buenos Aires,4054936,5066,4060002,2021-T1
2021,1,CABA,1378283,139,1379673,2021-T1
2021,1,Catamarca,51967,10,51968,2021-T1
2021,1,Chaco,139767,30,139770,2021-T1
2021,1,Chubut,131515,8250,132340,2021-T1
2021,1,Córdoba,910826,550,910881,2021-T1
2021,1,Corrientes,126622,30,126625,2021-T1
2021,1,Entre Ríos,251950,130,251963,2021-T1
2021,1,Formosa,50686,0,50686,2021-T1
2021,1,Jujuy,110456,0,110456,2021-T1
2021,1,La Pampa,96989,1160,97105,2021-T1
2021,1,La Rioja,52625,30,52628,2021-T1
2021,1,Mendoza,218308,6150,218923,2021-T1
2021,1,Misiones,149387,0,149387,2021-T1
2021,1,Neuquén,132862,3730,133235,2021-T1
2021,1,Río Negro,140667,5010,141168,2021-T1
2021,1,Salta,187572,20,187574,2021-T1
2021,1,San Juan,78011,2560,78267,2021-T1
2021,1,San Luis,119006,1480,119154,2021-T1
2021,1,Santa Cruz,45868,1970,46065,2021-T1
2021,1,Santa Fe,825990,1370,826127,2021-T1
2021,1,Santiago Del Estero,111640,10,111641,2021-T1
2021,1,Tierra Del Fuego,40133,2890,40422,2021-T1
2021,1,Tucumán,231890,220,231912,2021-T1
2020,4,Buenos Aires,4028195,5066,4033261,2020-T4
2020,4,CABA,1378140,139,1379530,2020-T4
2020,4,Catamarca,52395,10,52396,2020-T4
2020,4,Chaco,139088,30,139091,2020-T4
2020,4,Chubut,129749,8250,130574,2020-T4
2020,4,Córdoba,902646,550,902701,2020-T4
2020,4,Corrientes,125656,30,125659,2020-T4
2020,4,Entre Ríos,247368,130,247381,2020-T4
2020,4,Formosa,50206,0,50206,2020-T4
2020,4,Jujuy,105851,0,105851,2020-T4
2020,4,La Pampa,96779,1160,96895,2020-T4
2020,4,La Rioja,52775,30,52778,2020-T4
2020,4,Mendoza,214838,6150,215453,2020-T4
2020,4,Misiones,147161,0,147161,2020-T4
2020,4,Neuquén,132762,3730,133135,2020-T4
2020,4,Río Negro,140709,5010,141210,2020-T4
2020,4,Salta,187388,20,187390,2020-T4
2020,4,San Juan,72340,2560,72596,2020-T4
2020,4,San Luis,119287,1480,119435,2020-T4
2020,4,Santa Cruz,40477,1970,40674,2020-T4
2020,4,Santa Fe,820676,1370,820813,2020-T4
2020,4,Santiago Del Estero,106668,10,106669,2020-T4
2020,4,Tierra Del Fuego,39325,2890,39614,2020-T4
2020,4,Tucumán,231067,220,231089,2020-T4
2020,3,Buenos Aires,3932211,5066,3937277,2020-T3
2020,3,CABA,1371285,139,1372675,2020-T3
2020,3,Catamarca,49903,10,49904,2020-T3
2020,3,Chaco,133951,30,133954,2020-T3
2020,3,Chubut,129202,8250,130027,2020-T3
2020,3,Córdoba,867417,550,867472,2020-T3
2020,3,Corrientes,123388,30,123391,2020-T3
2020,3,Entre Ríos,241482,130,241495,2020-T3
2020,3,Formosa,49209,0,49209,2020-T3
2020,3,Jujuy,106728,0,106728,2020-T3
2020,3,La Pampa,93619,1160,93735,2020-T3
2020,3,La Rioja,52613,30,52616,2020-T3
2020,3,Mendoza,207173,6150,207788,2020-T3
2020,3,Misiones,143186,0,143186,2020-T3
2020,3,Neuquén,128862,3730,129235,2020-T3
2020,3,Río Negro,130966,5010,131467,2020-T3
2020,3,Salta,180844,20,180846,2020-T3
2020,3,San Juan,77071,2560,77327,2020-T3
2020,3,San Luis,116417,1480,116565,2020-T3
2020,3,Santa Cruz,39084,1970,39281,2020-T3
2020,3,Santa Fe,802861,1370,802998,2020-T3
2020,3,Santiago Del Estero,105491,10,105492,2020-T3
2020,3,Tierra Del Fuego,39366,2890,39655,2020-T3
2020,3,Tucumán,223854,220,223876,2020-T3
2020,2,Buenos Aires,3772480,5066,3777546,2020-T2
2020,2,CABA,1356431,139,1357821,2020-T2
2020,2,Catamarca,47975,10,47976,2020-T2
2020,2,Chaco,128129,30,128132,2020-T2
2020,2,Chubut,107831,8250,108656,2020-T2
2020,2,Córdoba,836413,550,836468,2020-T2
2020,2,Corrientes,118863,30,118866,2020-T2
2020,2,Entre Ríos,234100,130,234113,2020-T2
2020,2,Formosa,47932,0,47932,2020-T2
2020,2,Jujuy,94316,0,94316,2020-T2
2020,2,La Pampa,89693,1160,89809,2020-T2
2020,2,La Rioja,52152,30,52155,2020-T2
2020,2,Mendoza,200569,6150,201184,2020-T2
2020,2,Misiones,140340,0,140340,2020-T2
2020,2,Neuquén,125799,3730,126172,2020-T2
2020,2,Río Negro,128985,5010,129486,2020-T2
2020,2,Salta,177760,20,177762,2020-T2
2020,2,San Juan,69521,2560,69777,2020-T2
2020,2,San Luis,113804,1480,113952,2020-T2
2020,2,Santa Cruz,38672,1970,38869,2020-T2
2020,2,Santa Fe,777795,1370,777932,2020-T2
2020,2,Santiago Del Estero,105446,10,105447,2020-T2
2020,2,Tierra Del Fuego,38900,2890,39189,2020-T2
2020,2,Tucumán,217134,220,217156,2020-T2
2020,1,Buenos Aires,3702985,5066,3708051,2020-T1
2020,1,CABA,1352104,139,1353494,2020-T1
2020,1,Catamarca,39634,10,39635,2020-T1
2020,1,Chaco,120274,30,120277,2020-T1
2020,1,Chubut,95938,8000,96738,2020-T1
2020,1,Córdoba,811044,550,811099,2020-T1
2020,1,Corrientes,113967,30,113970,2020-T1
2020,1,Entre Ríos,231833,130,231846,2020-T1
2020,1,Formosa,46434,0,46434,2020-T1
2020,1,Jujuy,91665,0,91665,2020-T1
2020,1,La Pampa,89110,1160,89226,2020-T1
2020,1,La Rioja,48337,30,48340,2020-T1
2020,1,Mendoza,182837,6150,183452,2020-T1
2020,1,Misiones,133552,0,133552,2020-T1
2020,1,Neuquén,121354,3730,121727,2020-T1
2020,1,Río Negro,125699,5010,126200,2020-T1
2020,1,Salta,170379,20,170381,2020-T1
2020,1,San Juan,63975,2560,64231,2020-T1
2020,1,San Luis,110404,1480,110552,2020-T1
2020,1,Santa Cruz,38625,1970,38822,2020-T1
2020,1,Santa Fe,770981,1370,771118,2020-T1
2020,1,Santiago Del Estero,102754,10,102755,2020-T1
2020,1,Tierra Del Fuego,38505,2890,38794,2020-T1
2020,1,Tucumán,200045,220,200067,2020-T1
2019,4,Buenos Aires,3681120,5134,3686254,2019-T4
2019,4,CABA,1356695,141,1358105,2019-T4
2019,4,Catamarca,38310,10,38311,2019-T4
2019,4,Chaco,117900,30,117903,2019-T4
2019,4,Chubut,95292,8100,96102,2019-T4
2019,4,Córdoba,806633,550,806688,2019-T4
2019,4,Corrientes,113831,30,113834,2019-T4
2019,4,Entre Ríos,239017,130,239030,2019-T4
2019,4,Formosa,46711,0,46711,2019-T4
2019,4,Jujuy,88881,0,88881,2019-T4
2019,4,La Pampa,90280,1190,90399,2019-T4
2019,4,La Rioja,48999,30,49002,2019-T4
2019,4,Mendoza,185157,6230,185780,2019-T4
2019,4,Misiones,135813,0,135813,2019-T4
2019,4,Neuquén,116069,3760,116445,2019-T4
2019,4,Río Negro,126636,5040,127140,2019-T4
2019,4,Salta,172443,20,172445,2019-T4
2019,4,San Juan,64715,2590,64974,2019-T4
2019,4,San Luis,108053,1480,108201,2019-T4
2019,4,Santa Cruz,39170,2000,39370,2019-T4
2019,4,Santa Fe,769019,1500,769169,2019-T4
2019,4,Santiago Del Estero,103587,10,103588,2019-T4
2019,4,Tierra Del Fuego,40101,2910,40392,2019-T4
2019,4,Tucumán,198621,230,198644,2019-T4
2019,3,Buenos Aires,3950114,10119,3960233,2019-T3
2019,3,CABA,1437734,3477,1441211,2019-T3
2019,3,Catamarca,32391,90,32400,2019-T3
2019,3,Chaco,114438,130,114451,2019-T3
2019,3,Chubut,87481,1524,89005,2019-T3
2019,3,Córdoba,782946,1070,783053,2019-T3
2019,3,Corrientes,112749,100,112759,2019-T3
2019,3,Entre Ríos,238057,450,238102,2019-T3
2019,3,Formosa,46066,0,46066,2019-T3
2019,3,Jujuy,86575,10,86576,2019-T3
2019,3,La Pampa,90559,2690,90828,2019-T3
2019,3,La Rioja,49659,180,49677,2019-T3
2019,3,Mendoza,223015,1322,224337,2019-T3
2019,3,Misiones,133883,0,133883,2019-T3
2019,3,Neuquén,123435,1986,125421,2019-T3
2019,3,Río Negro,143391,9040,144295,2019-T3
2019,3,Salta,151834,10,151835,2019-T3
2019,3,San Juan,72535,5630,73098,2019-T3
2019,3,San Luis,122409,2910,122700,2019-T3
2019,3,Santa Cruz,37642,3280,37970,2019-T3
2019,3,Santa Fe,760706,2280,760934,2019-T3
2019,3,Santiago Del Estero,133130,20,133132,2019-T3
2019,3,Tierra Del Fuego,48043,5440,48587,2019-T3
2019,3,Tucumán,164099,320,164131,2019-T3
2019,2,Buenos Aires,3845594,10104,3855698,2019-T2
2019,2,CABA,1412177,3443,1415620,2019-T2
2019,2,Catamarca,33626,90,33635,2019-T2
2019,2,Chaco,108721,130,108734,2019-T2
2019,2,Chubut,86038,1518,87556,2019-T2
2019,2,Córdoba,775023,1050,775128,2019-T2
2019,2,Corrientes,111539,100,111549,2019-T2
2019,2,Entre Ríos,235780,440,235824,2019-T2
2019,2,Formosa,46438,0,46438,2019-T2
2019,2,Jujuy,86706,10,86707,2019-T2
2019,2,La Pampa,89937,2680,90205,2019-T2
2019,2,La Rioja,50283,180,50301,2019-T2
2019,2,Mendoza,222535,1322,223857,2019-T2
2019,2,Misiones,132878,0,132878,2019-T2
2019,2,Neuquén,120954,1999,122953,2019-T2
2019,2,Río Negro,137632,9150,138547,2019-T2
2019,2,Salta,142567,10,142568,2019-T2
2019,2,San Juan,69461,5640,70025,2019-T2
2019,2,San Luis,117094,2910,117385,2019-T2
2019,2,Santa Cruz,30225,3250,30550,2019-T2
2019,2,Santa Fe,743258,2260,743484,2019-T2
2019,2,Santiago Del Estero,126752,20,126754,2019-T2
2019,2,Tierra Del Fuego,46910,5440,47454,2019-T2
2019,2,Tucumán,166299,320,166331,2019-T2
2019,1,Buenos Aires,3736563,10104,3746667,2019-T1
2019,1,CABA,1396157,3443,1399600,2019-T1
2019,1,Catamarca,33613,90,33622,2019-T1
2019,1,Chaco,103664,130,103677,2019-T1
2019,1,Chubut,78260,1518,79778,2019-T1
2019,1,Córdoba,744010,1050,744115,2019-T1
2019,1,Corrientes,102477,100,102487,2019-T1
2019,1,Entre Ríos,232403,440,232447,2019-T1
2019,1,Formosa,45211,0,45211,2019-T1
2019,1,Jujuy,90146,10,90147,2019-T1
2019,1,La Pampa,88892,2680,89160,2019-T1
2019,1,La Rioja,51638,180,51656,2019-T1
2019,1,Mendoza,204976,1322,206298,2019-T1
2019,1,Misiones,122720,0,122720,2019-T1
2019,1,Neuquén,112321,2056,114377,2019-T1
2019,1,Río Negro,120173,9150,121088,2019-T1
2019,1,Salta,136019,10,136020,2019-T1
2019,1,San Juan,61881,5640,62445,2019-T1
2019,1,San Luis,96044,2910,96335,2019-T1
2019,1,Santa Cruz,24580,3250,24905,2019-T1
2019,1,Santa Fe,736851,2270,737078,2019-T1
2019,1,Santiago Del Estero,89851,20,89853,2019-T1
2019,1,Tierra Del Fuego,45903,5440,46447,2019-T1
2019,1,Tucumán,171970,320,172002,2019-T1
2018,4,Buenos Aires,3626502,10104,3636606,2018-T4
2018,4,CABA,1385577,3443,1389020,2018-T4
2018,4,Catamarca,33574,90,33583,2018-T4
2018,4,Chaco,103257,130,103270,2018-T4
2018,4,Chubut,77204,1518,78722,2018-T4
2018,4,Córdoba,737234,1050,737339,2018-T4
2018,4,Corrientes,100591,100,100601,2018-T4
2018,4,Entre Ríos,222003,440,222047,2018-T4
2018,4,Formosa,45204,0,45204,2018-T4
2018,4,Jujuy,90132,10,90133,2018-T4
2018,4,La Pampa,85368,2680,85636,2018-T4
2018,4,La Rioja,51633,180,51651,2018-T4
2018,4,Mendoza,204982,1322,206304,2018-T4
2018,4,Misiones,116273,0,116273,2018-T4
2018,4,Neuquén,112309,2056,114365,2018-T4
2018,4,Río Negro,115922,9150,116837,2018-T4
2018,4,Salta,134577,10,134578,2018-T4
2018,4,San Juan,61834,5640,62398,2018-T4
2018,4,San Luis,96040,2910,96331,2018-T4
2018,4,Santa Cruz,24443,3250,24768,2018-T4
2018,4,Santa Fe,720161,2290,720390,2018-T4
2018,4,Santiago Del Estero,89333,20,89335,2018-T4
2018,4,Tierra Del Fuego,45716,5440,46260,2018-T4
2018,4,Tucumán,171972,320,172004,2018-T4
2018,3,Buenos Aires,3599714,10563,3610277,2018-T3
2018,3,CABA,1385804,6686,1392490,2018-T3
2018,3,Catamarca,34215,110,34226,2018-T3
2018,3,Chaco,102021,120,102033,2018-T3
2018,3,Chubut,101310,2426,103736,2018-T3
2018,3,Córdoba,725764,940,725858,2018-T3
2018,3,Corrientes,99445,110,99456,2018-T3
2018,3,Entre Ríos,204560,480,204608,2018-T3
2018,3,Formosa,44865,0,44865,2018-T3
2018,3,Jujuy,44934,10,44935,2018-T3
2018,3,La Pampa,83180,2440,83424,2018-T3
2018,3,La Rioja,51855,170,51872,2018-T3
2018,3,Mendoza,205545,1484,207029,2018-T3
2018,3,Misiones,108042,0,108042,2018-T3
2018,3,Neuquén,114713,2005,116718,2018-T3
2018,3,Río Negro,112433,1059,113492,2018-T3
2018,3,Salta,132882,10,132883,2018-T3
2018,3,San Juan,63823,6580,64481,2018-T3
2018,3,San Luis,74121,3000,74421,2018-T3
2018,3,Santa Cruz,33565,4340,33999,2018-T3
2018,3,Santa Fe,694883,2170,695100,2018-T3
2018,3,Santiago Del Estero,86358,20,86360,2018-T3
2018,3,Tierra Del Fuego,45056,5080,45564,2018-T3
2018,3,Tucumán,171135,310,171166,2018-T3
2018,2,Buenos Aires,3490134,10565,3500699,2018-T2
2018,2,CABA,1362498,6688,1369186,2018-T2
2018,2,Catamarca,34078,110,34089,2018-T2
2018,2,Chaco,98509,120,98521,2018-T2
2018,2,Chubut,98137,2427,100564,2018-T2
2018,2,Córdoba,712979,940,713073,2018-T2
2018,2,Corrientes,97946,110,97957,2018-T2
2018,2,Entre Ríos,199937,480,199985,2018-T2
2018,2,Formosa,44554,0,44554,2018-T2
2018,2,Jujuy,45132,10,45133,2018-T2
2018,2,La Pampa,82177,2440,82421,2018-T2
2018,2,La Rioja,51931,170,51948,2018-T2
2018,2,Mendoza,199468,1484,200952,2018-T2
2018,2,Misiones,106147,0,106147,2018-T2
2018,2,Neuquén,113842,2006,115848,2018-T2
2018,2,Río Negro,111176,1059,112235,2018-T2
2018,2,Salta,134166,10,134167,2018-T2
2018,2,San Juan,63443,6580,64101,2018-T2
2018,2,San Luis,21168,3000,21468,2018-T2
2018,2,Santa Cruz,33970,4350,34405,2018-T2
2018,2,Santa Fe,684243,3090,684552,2018-T2
2018,2,Santiago Del Estero,83773,20,83775,2018-T2
2018,2,Tierra Del Fuego,44199,5080,44707,2018-T2
2018,2,Tucumán,169926,310,169957,2018-T2
2018,1,Buenos Aires,3464882,10564,3475446,2018-T1
2018,1,CABA,1359882,6688,1366570,2018-T1
2018,1,Catamarca,33934,110,33945,2018-T1
2018,1,Chaco,96925,120,96937,2018-T1
2018,1,Chubut,95532,2427,97959,2018-T1
2018,1,Córdoba,713825,1010,713926,2018-T1
2018,1,Corrientes,94406,110,94417,2018-T1
2018,1,Entre Ríos,197346,480,197394,2018-T1
2018,1,Formosa,32328,0,32328,2018-T1
2018,1,Jujuy,44405,10,44406,2018-T1
2018,1,La Pampa,82668,3960,83064,2018-T1
2018,1,La Rioja,52228,170,52245,2018-T1
2018,1,Mendoza,199463,1484,200947,2018-T1
2018,1,Misiones,103580,0,103580,2018-T1
2018,1,Neuquén,115897,2006,117903,2018-T1
2018,1,Río Negro,110057,1062,111119,2018-T1
2018,1,Salta,133182,10,133183,2018-T1
2018,1,San Juan,62610,6580,63268,2018-T1
2018,1,San Luis,21096,3000,21396,2018-T1
2018,1,Santa Cruz,33970,4350,34405,2018-T1
2018,1,Santa Fe,679717,3090,680026,2018-T1
2018,1,Santiago Del Estero,82916,20,82918,2018-T1
2018,1,Tierra Del Fuego,31106,5080,31614,2018-T1
2018,1,Tucumán,168026,310,168057,2018-T1
2017,4,Buenos Aires,3171206,1069,3181896,2017-T4
2017,4,CABA,1575418,6906,1582324,2017-T4
2017,4,Catamarca,29548,100,29558,2017-T4
2017,4,Chaco,96603,120,96615,2017-T4
2017,4,Chubut,91012,2428,93440,2017-T4
2017,4,Córdoba,709874,1050,709979,2017-T4
2017,4,Corrientes,93760,110,93771,2017-T4
2017,4,Entre Ríos,193654,490,193703,2017-T4
2017,4,Formosa,32056,0,32056,2017-T4
2017,4,Jujuy,43551,10,43552,2017-T4
2017,4,La Pampa,81675,3960,82071,2017-T4
2017,4,La Rioja,52177,170,52194,2017-T4
2017,4,Mendoza,178661,149,180151,2017-T4
2017,4,Misiones,103895,0,103895,2017-T4
2017,4,Neuquén,114965,2006,116971,2017-T4
2017,4,Río Negro,108702,1062,109764,2017-T4
2017,4,Salta,132811,10,132812,2017-T4
2017,4,San Juan,57965,6590,58624,2017-T4
2017,4,San Luis,14604,3000,14904,2017-T4
2017,4,Santa Cruz,29018,4340,29452,2017-T4
2017,4,Santa Fe,672137,3230,672460,2017-T4
2017,4,Santiago Del Estero,68842,20,68844,2017-T4
2017,4,Tierra Del Fuego,28346,5080,28854,2017-T4
2017,4,Tucumán,162298,340,162332,2017-T4
2017,3,Buenos Aires,3046758,11202,3057960,2017-T3
2017,3,CABA,1563289,707,1570359,2017-T3
2017,3,Catamarca,33467,110,33478,2017-T3
2017,3,Chaco,93747,120,93759,2017-T3
2017,3,Chubut,81067,2477,83544,2017-T3
2017,3,Córdoba,696536,1080,696644,2017-T3
2017,3,Corrientes,92536,120,92548,2017-T3
2017,3,Entre Ríos,185414,500,185464,2017-T3
2017,3,Formosa,32105,0,32105,2017-T3
2017,3,Jujuy,43241,10,43242,2017-T3
2017,3,La Pampa,79280,4100,79690,2017-T3
2017,3,La Rioja,51896,170,51913,2017-T3
2017,3,Mendoza,190958,1533,192491,2017-T3
2017,3,Misiones,100476,0,100476,2017-T3
2017,3,Neuquén,113755,2029,115784,2017-T3
2017,3,Río Negro,106393,1103,107496,2017-T3
2017,3,Salta,132517,10,132518,2017-T3
2017,3,San Juan,61789,6600,62449,2017-T3
2017,3,San Luis,21408,3110,21719,2017-T3
2017,3,Santa Cruz,33222,4680,33690,2017-T3
2017,3,Santa Fe,662086,2560,662342,2017-T3
2017,3,Santiago Del Estero,82792,20,82794,2017-T3
2017,3,Tierra Del Fuego,30883,5830,31466,2017-T3
2017,3,Tucumán,160979,330,161012,2017-T3
2017,2,Buenos Aires,3067430,11201,3078631,2017-T2
2017,2,CABA,1592175,8016,1600191,2017-T2
2017,2,Catamarca,26692,130,26705,2017-T2
2017,2,Chaco,90597,140,90611,2017-T2
2017,2,Chubut,62245,173,63975,2017-T2
2017,2,Córdoba,657505,1330,657638,2017-T2
2017,2,Corrientes,90085,120,90097,2017-T2
2017,2,Entre Ríos,182675,570,182732,2017-T2
2017,2,Formosa,29956,0,29956,2017-T2
2017,2,Jujuy,42656,10,42657,2017-T2
2017,2,La Pampa,72573,4490,73022,2017-T2
2017,2,La Rioja,16271,180,16289,2017-T2
2017,2,Mendoza,169302,1451,170753,2017-T2
2017,2,Misiones,99794,0,99794,2017-T2
2017,2,Neuquén,115321,2112,117433,2017-T2
2017,2,Río Negro,100621,9980,101619,2017-T2
2017,2,Salta,108540,10,108541,2017-T2
2017,2,San Juan,51261,6200,51881,2017-T2
2017,2,San Luis,12992,3150,13307,2017-T2
2017,2,Santa Cruz,26019,3690,26388,2017-T2
2017,2,Santa Fe,566918,3620,567280,2017-T2
2017,2,Santiago Del Estero,33194,20,33196,2017-T2
2017,2,Tierra Del Fuego,31938,6190,32557,2017-T2
2017,2,Tucumán,154374,370,154411,2017-T2
2017,1,Buenos Aires,3178174,11202,3189376,2017-T1
2017,1,CABA,1391030,8016,1399046,2017-T1
2017,1,Catamarca,26304,130,26317,2017-T1
2017,1,Chaco,89036,140,89050,2017-T1
2017,1,Chubut,62166,173,63896,2017-T1
2017,1,Córdoba,641066,1330,641199,2017-T1
2017,1,Corrientes,88596,120,88608,2017-T1
2017,1,Entre Ríos,180296,570,180353,2017-T1
2017,1,Formosa,29705,0,29705,2017-T1
2017,1,Jujuy,43202,10,43203,2017-T1
2017,1,La Pampa,71458,4550,71913,2017-T1
2017,1,La Rioja,16207,180,16225,2017-T1
2017,1,Mendoza,169282,1451,170733,2017-T1
2017,1,Misiones,97619,0,97619,2017-T1
2017,1,Neuquén,113227,2112,115339,2017-T1
2017,1,Río Negro,100288,10,101288,2017-T1
2017,1,Salta,107632,10,107633,2017-T1
2017,1,San Juan,51253,6200,51873,2017-T1
2017,1,San Luis,12992,3150,13307,2017-T1
2017,1,Santa Cruz,26116,3700,26486,2017-T1
2017,1,Santa Fe,562520,3620,562882,2017-T1
2017,1,Santiago Del Estero,34473,20,34475,2017-T1
2017,1,Tierra Del Fuego,31938,6190,32557,2017-T1
2017,1,Tucumán,152734,370,152771,2017-T1
2016,4,Buenos Aires,3131499,11202,3142701,2016-T4
2016,4,CABA,1393443,8016,1401459,2016-T4
2016,4,Catamarca,27021,130,27034,2016-T4
2016,4,Chaco,88833,140,88847,2016-T4
2016,4,Chubut,62035,173,63765,2016-T4
2016,4,Córdoba,636422,1330,636555,2016-T4
2016,4,Corrientes,88084,120,88096,2016-T4
2016,4,Entre Ríos,180188,570,180245,2016-T4
2016,4,Formosa,29513,0,29513,2016-T4
2016,4,Jujuy,42624,10,42625,2016-T4
2016,4,La Pampa,71368,4600,71828,2016-T4
2016,4,La Rioja,16298,180,16316,2016-T4
2016,4,Mendoza,169274,1451,170725,2016-T4
2016,4,Misiones,97390,0,97390,2016-T4
2016,4,Neuquén,111723,2112,113835,2016-T4
2016,4,Río Negro,100020,10,101020,2016-T4
2016,4,Salta,106934,10,106935,2016-T4
2016,4,San Juan,51301,6200,51921,2016-T4
2016,4,San Luis,12992,3150,13307,2016-T4
2016,4,Santa Cruz,26094,3700,26464,2016-T4
2016,4,Santa Fe,561470,3620,561832,2016-T4
2016,4,Santiago Del Estero,35049,20,35051,2016-T4
2016,4,Tierra Del Fuego,31938,6190,32557,2016-T4
2016,4,Tucumán,151615,370,151652,2016-T4
2016,3,Buenos Aires,3075387,11205,3086592,2016-T3
2016,3,CABA,1395053,8051,1403104,2016-T3
2016,3,Catamarca,26957,130,26970,2016-T3
2016,3,Chaco,89216,140,89230,2016-T3
2016,3,Chubut,62222,173,63952,2016-T3
2016,3,Córdoba,642458,1330,642591,2016-T3
2016,3,Corrientes,88328,120,88340,2016-T3
2016,3,Entre Ríos,181092,570,181149,2016-T3
2016,3,Formosa,27716,0,27716,2016-T3
2016,3,Jujuy,42537,10,42538,2016-T3
2016,3,La Pampa,69903,4610,70364,2016-T3
2016,3,La Rioja,16912,180,16930,2016-T3
2016,3,Mendoza,169174,145,170624,2016-T3
2016,3,Misiones,97997,0,97997,2016-T3
2016,3,Neuquén,110491,2112,112603,2016-T3
2016,3,Río Negro,100024,1002,101026,2016-T3
2016,3,Salta,107790,10,107791,2016-T3
2016,3,San Juan,51348,6200,51968,2016-T3
2016,3,San Luis,12978,3150,13293,2016-T3
2016,3,Santa Cruz,25886,3710,26257,2016-T3
2016,3,Santa Fe,566625,3860,567011,2016-T3
2016,3,Santiago Del Estero,35658,20,35660,2016-T3
2016,3,Tierra Del Fuego,31306,6190,31925,2016-T3
2016,3,Tucumán,151282,370,151319,2016-T3
2016,2,Buenos Aires,3032776,12515,3045291,2016-T2
2016,2,CABA,1384824,976,1394584,2016-T2
2016,2,Catamarca,26543,130,26556,2016-T2
2016,2,Chaco,88235,160,88251,2016-T2
2016,2,Chubut,62116,174,63856,2016-T2
2016,2,Córdoba,634680,2340,634914,2016-T2
2016,2,Corrientes,86932,240,86956,2016-T2
2016,2,Entre Ríos,178194,1790,178373,2016-T2
2016,2,Formosa,28801,10,28802,2016-T2
2016,2,Jujuy,41187,20,41189,2016-T2
2016,2,La Pampa,68403,4850,68888,2016-T2
2016,2,La Rioja,16718,180,16736,2016-T2
2016,2,Mendoza,169274,155,170824,2016-T2
2016,2,Misiones,95808,70,95815,2016-T2
2016,2,Neuquén,108224,2291,110515,2016-T2
2016,2,Río Negro,99631,1073,100704,2016-T2
2016,2,Salta,104929,30,104932,2016-T2
2016,2,San Juan,51392,6210,52013,2016-T2
2016,2,San Luis,12939,3170,13256,2016-T2
2016,2,Santa Cruz,25797,3560,26153,2016-T2
2016,2,Santa Fe,563867,6070,564474,2016-T2
2016,2,Santiago Del Estero,36958,30,36961,2016-T2
2016,2,Tierra Del Fuego,30740,6190,31359,2016-T2
2016,2,Tucumán,148636,410,148677,2016-T2
2016,1,Buenos Aires,2929903,12612,2942515,2016-T1
2016,1,CABA,1328079,9817,1337896,2016-T1
2016,1,Catamarca,26376,130,26389,2016-T1
2016,1,Chaco,86635,160,86651,2016-T1
2016,1,Chubut,62060,174,63800,2016-T1
2016,1,Córdoba,609692,2340,609926,2016-T1
2016,1,Corrientes,85510,260,85536,2016-T1
2016,1,Entre Ríos,174634,1790,174813,2016-T1
2016,1,Formosa,28313,10,28314,2016-T1
2016,1,Jujuy,40287,20,40289,2016-T1
2016,1,La Pampa,65442,4870,65929,2016-T1
2016,1,La Rioja,16673,180,16691,2016-T1
2016,1,Mendoza,169257,1553,170810,2016-T1
2016,1,Misiones,92951,70,92958,2016-T1
2016,1,Neuquén,101969,2292,104261,2016-T1
2016,1,Río Negro,98745,1077,99822,2016-T1
2016,1,Salta,102423,30,102426,2016-T1
2016,1,San Juan,51373,6210,51994,2016-T1
2016,1,San Luis,12915,3170,13232,2016-T1
2016,1,Santa Cruz,25931,3560,26287,2016-T1
2016,1,Santa Fe,551378,6180,551996,2016-T1
2016,1,Santiago Del Estero,37695,30,37698,2016-T1
2016,1,Tierra Del Fuego,29867,6190,30486,2016-T1
2016,1,Tucumán,146596,410,146637,2016-T1
2015,4,Buenos Aires,2946743,12642,2959385,2015-T4
2015,4,CABA,1360381,9845,1370226,2015-T4
2015,4,Catamarca,26459,130,26472,2015-T4
2015,4,Chaco,86537,160,86553,2015-T4
2015,4,Chubut,62279,174,64019,2015-T4
2015,4,Córdoba,625835,2350,626070,2015-T4
2015,4,Corrientes,85409,260,85435,2015-T4
2015,4,Entre Ríos,173957,1800,174137,2015-T4
2015,4,Formosa,28088,10,28089,2015-T4
2015,4,Jujuy,39922,20,39924,2015-T4
2015,4,La Pampa,66054,3120,66366,2015-T4
2015,4,La Rioja,16914,180,16932,2015-T4
2015,4,Mendoza,169251,1556,170807,2015-T4
2015,4,Misiones,92846,70,92853,2015-T4
2015,4,Neuquén,105122,2294,107416,2015-T4
2015,4,Río Negro,98655,1067,99722,2015-T4
2015,4,Salta,101917,30,101920,2015-T4
2015,4,San Juan,51408,6210,52029,2015-T4
2015,4,San Luis,12901,3170,13218,2015-T4
2015,4,Santa Cruz,26047,3560,26403,2015-T4
2015,4,Santa Fe,561045,6270,561672,2015-T4
2015,4,Santiago Del Estero,39132,30,39135,2015-T4
2015,4,Tierra Del Fuego,29334,6190,29953,2015-T4
2015,4,Tucumán,146053,420,146095,2015-T4
2015,3,Buenos Aires,2916070,12695,2928765,2015-T3
2015,3,CABA,1362193,9875,1372068,2015-T3
2015,3,Catamarca,26080,130,26093,2015-T3
2015,3,Chaco,85354,160,85370,2015-T3
2015,3,Chubut,62143,174,63883,2015-T3
2015,3,Córdoba,622761,2370,622998,2015-T3
2015,3,Corrientes,84931,280,84959,2015-T3
2015,3,Entre Ríos,172252,1820,172434,2015-T3
2015,3,Formosa,27751,10,27752,2015-T3
2015,3,Jujuy,39548,20,39550,2015-T3
2015,3,La Pampa,64976,4950,65471,2015-T3
2015,3,La Rioja,16753,180,16771,2015-T3
2015,3,Mendoza,169261,1562,170823,2015-T3
2015,3,Misiones,91615,70,91622,2015-T3
2015,3,Neuquén,98376,224,100616,2015-T3
2015,3,Río Negro,98529,1085,99614,2015-T3
2015,3,Salta,100570,30,100573,2015-T3
2015,3,San Juan,51409,6210,52030,2015-T3
2015,3,San Luis,12902,3170,13219,2015-T3
2015,3,Santa Cruz,25912,3590,26271,2015-T3
2015,3,Santa Fe,556097,6410,556738,2015-T3
2015,3,Santiago Del Estero,39394,30,39397,2015-T3
2015,3,Tierra Del Fuego,33118,6190,33737,2015-T3
2015,3,Tucumán,144272,420,144314,2015-T3
2015,2,Buenos Aires,2871079,12711,2883790,2015-T2
2015,2,CABA,1336391,9893,1346284,2015-T2
2015,2,Catamarca,25666,130,25679,2015-T2
2015,2,Chaco,83832,160,83848,2015-T2
2015,2,Chubut,61745,174,63485,2015-T2
2015,2,Córdoba,609510,2360,609746,2015-T2
2015,2,Corrientes,83288,280,83316,2015-T2
2015,2,Entre Ríos,169309,1830,169492,2015-T2
2015,2,Formosa,27013,370,27050,2015-T2
2015,2,Jujuy,37720,20,37722,2015-T2
2015,2,La Pampa,63552,5000,64052,2015-T2
2015,2,La Rioja,16491,180,16509,2015-T2
2015,2,Mendoza,169259,1564,170823,2015-T2
2015,2,Misiones,88512,70,88519,2015-T2
2015,2,Neuquén,95644,2241,97885,2015-T2
2015,2,Río Negro,97640,1087,98727,2015-T2
2015,2,Salta,98264,30,98267,2015-T2
2015,2,San Juan,51367,6210,51988,2015-T2
2015,2,San Luis,12904,3170,13221,2015-T2
2015,2,Santa Cruz,25384,3790,25763,2015-T2
2015,2,Santa Fe,545739,6490,546388,2015-T2
2015,2,Santiago Del Estero,39375,30,39378,2015-T2
2015,2,Tierra Del Fuego,32960,6190,33579,2015-T2
2015,2,Tucumán,140635,420,140677,2015-T2
2015,1,Buenos Aires,2847076,14766,2861842,2015-T1
2015,1,CABA,1321139,11582,1332721,2015-T1
2015,1,Catamarca,25312,200,25332,2015-T1
2015,1,Chaco,81329,310,81360,2015-T1
2015,1,Chubut,63327,1946,65273,2015-T1
2015,1,Córdoba,596663,2940,596957,2015-T1
2015,1,Corrientes,81488,430,81531,2015-T1
2015,1,Entre Ríos,165839,2310,166070,2015-T1
2015,1,Formosa,26657,430,26700,2015-T1
2015,1,Jujuy,36608,30,36611,2015-T1
2015,1,La Pampa,62155,5420,62697,2015-T1
2015,1,La Rioja,16310,230,16333,2015-T1
2015,1,Mendoza,168355,1805,170160,2015-T1
2015,1,Misiones,85139,70,85146,2015-T1
2015,1,Neuquén,93373,2369,95742,2015-T1
2015,1,Río Negro,96145,1188,97333,2015-T1
2015,1,Salta,96793,180,96811,2015-T1
2015,1,San Juan,51117,7020,51819,2015-T1
2015,1,San Luis,12878,3540,13232,2015-T1
2015,1,Santa Cruz,26217,4240,26641,2015-T1
2015,1,Santa Fe,535640,7970,536437,2015-T1
2015,1,Santiago Del Estero,39244,80,39252,2015-T1
2015,1,Tierra Del Fuego,32726,7300,33456,2015-T1
2015,1,Tucumán,138184,920,138276,2015-T1
2014,4,Buenos Aires,2801178,15229,2816407,2014-T4
2014,4,CABA,1318526,11994,1330520,2014-T4
2014,4,Catamarca,25472,210,25493,2014-T4
2014,4,Chaco,65998,370,66035,2014-T4
2014,4,Chubut,66557,1985,68542,2014-T4
2014,4,Córdoba,590113,3190,590432,2014-T4
2014,4,Corrientes,65656,540,65710,2014-T4
2014,4,Entre Ríos,140567,2460,140813,2014-T4
2014,4,Formosa,26156,510,26207,2014-T4
2014,4,Jujuy,35999,30,36002,2014-T4
2014,4,La Pampa,56813,5670,57380,2014-T4
2014,4,La Rioja,16379,230,16402,2014-T4
2014,4,Mendoza,167766,1848,169614,2014-T4
2014,4,Misiones,77222,70,77229,2014-T4
2014,4,Neuquén,92999,2397,95396,2014-T4
2014,4,Río Negro,95050,121,96260,2014-T4
2014,4,Salta,93921,260,93947,2014-T4
2014,4,San Juan,51390,7290,52119,2014-T4
2014,4,San Luis,12788,3590,13147,2014-T4
2014,4,Santa Cruz,25277,4360,25713,2014-T4
2014,4,Santa Fe,528459,9380,529397,2014-T4
2014,4,Santiago Del Estero,39308,90,39317,2014-T4
2014,4,Tierra Del Fuego,28249,7410,28990,2014-T4
2014,4,Tucumán,137329,950,137424,2014-T4
2014,3,Buenos Aires,2835537,14028,2849565,2014-T3
2014,3,CABA,1307195,1063,1317825,2014-T3
2014,3,Catamarca,24665,210,24686,2014-T3
2014,3,Chaco,63710,360,63746,2014-T3
2014,3,Chubut,67130,2007,69137,2014-T3
2014,3,Córdoba,585231,2000,585431,2014-T3
2014,3,Corrientes,63516,330,63549,2014-T3
2014,3,Entre Ríos,136618,1150,136733,2014-T3
2014,3,Formosa,25873,640,25937,2014-T3
2014,3,Jujuy,33739,20,33741,2014-T3
2014,3,La Pampa,61861,5640,62425,2014-T3
2014,3,La Rioja,15893,230,15916,2014-T3
2014,3,Mendoza,166184,174,167924,2014-T3
2014,3,Misiones,75327,0,75327,2014-T3
2014,3,Neuquén,100099,2268,102367,2014-T3
2014,3,Río Negro,96629,1151,97780,2014-T3
2014,3,Salta,92929,250,92954,2014-T3
2014,3,San Juan,51031,7480,51779,2014-T3
2014,3,San Luis,12683,3630,13046,2014-T3
2014,3,Santa Cruz,25664,4460,26110,2014-T3
2014,3,Santa Fe,520196,6910,520887,2014-T3
2014,3,Santiago Del Estero,37539,90,37548,2014-T3
2014,3,Tierra Del Fuego,28037,7550,28792,2014-T3
2014,3,Tucumán,131978,880,132066,2014-T3
2014,2,Buenos Aires,2750430,14116,2764546,2014-T2
2014,2,CABA,1299502,10713,1310215,2014-T2
2014,2,Catamarca,24660,230,24683,2014-T2
2014,2,Chaco,63243,360,63279,2014-T2
2014,2,Chubut,68503,2016,70519,2014-T2
2014,2,Córdoba,576747,2050,576952,2014-T2
2014,2,Corrientes,62925,330,62958,2014-T2
2014,2,Entre Ríos,135468,1150,135583,2014-T2
2014,2,Formosa,25535,650,25600,2014-T2
2014,2,Jujuy,34359,20,34361,2014-T2
2014,2,La Pampa,55048,5800,55628,2014-T2
2014,2,La Rioja,15889,230,15912,2014-T2
2014,2,Mendoza,165046,1761,166807,2014-T2
2014,2,Misiones,74689,0,74689,2014-T2
2014,2,Neuquén,90053,2235,92288,2014-T2
2014,2,Río Negro,94812,1145,95957,2014-T2
2014,2,Salta,91949,250,91974,2014-T2
2014,2,San Juan,50891,7550,51646,2014-T2
2014,2,San Luis,12691,3640,13055,2014-T2
2014,2,Santa Cruz,26710,4590,27169,2014-T2
2014,2,Santa Fe,511753,6050,512358,2014-T2
2014,2,Santiago Del Estero,38002,90,38011,2014-T2
2014,2,Tierra Del Fuego,27443,7660,28209,2014-T2
2014,2,Tucumán,131981,880,132069,2014-T2
2014,1,Buenos Aires,2725732,14144,2739876,2014-T1
2014,1,CABA,1289204,10714,1299918,2014-T1
2014,1,Catamarca,24209,230,24232,2014-T1
2014,1,Chaco,62520,360,62556,2014-T1
2014,1,Chubut,68205,2016,70221,2014-T1
2014,1,Córdoba,566705,2050,566910,2014-T1
2014,1,Corrientes,62203,330,62236,2014-T1
2014,1,Entre Ríos,134216,1150,134331,2014-T1
2014,1,Formosa,25335,870,25422,2014-T1
2014,1,Jujuy,33825,20,33827,2014-T1
2014,1,La Pampa,53601,5920,54193,2014-T1
2014,1,La Rioja,15688,230,15711,2014-T1
2014,1,Mendoza,164084,1761,165845,2014-T1
2014,1,Misiones,73950,0,73950,2014-T1
2014,1,Neuquén,88077,2303,90380,2014-T1
2014,1,Río Negro,93909,1157,95066,2014-T1
2014,1,Salta,91265,250,91290,2014-T1
2014,1,San Juan,50543,7550,51298,2014-T1
2014,1,San Luis,12193,3640,12557,2014-T1
2014,1,Santa Cruz,26304,4600,26764,2014-T1
2014,1,Santa Fe,506000,6120,506612,2014-T1
2014,1,Santiago Del Estero,37124,90,37133,2014-T1
2014,1,Tierra Del Fuego,27272,7660,28038,2014-T1
2014,1,Tucumán,129944,880,130032,2014-T1
