ID_Penetracion;ID_Periodo;ID_Provincias;Accesos_telefonía_fija_cada_100_hab;Accesos_telefonía_fija_cada_100_hogares;Hogares;Comercial;Gobierno;Otros;Total
1;2025-T1;Buenos Aires;15,65;50,22;2840504;2545750;249453;12463;32838
2;2025-T1;CABA;50,68;121,97;1563390;1401159;137297;6860;18074
3;2025-T1;Catamarca;3,88;15,89;16597;14874;1458;73;192
4;2025-T1;Chaco;3,51;13,75;43696;39162;3837;192;505
5;2025-T1;Chubut;8,16;28,83;53495;47944;4698;235;618
6;2025-T1;Córdoba;11,47;39,36;447030;400643;39258;1961;5168
7;2025-T1;Corrientes;5,9;23,36;68152;61080;5985;299;788
8;2025-T1;Entre Ríos;8,81;30,8;126083;112999;11073;553;1458
9;2025-T1;Formosa;5,58;22,78;34701;31101;3047;152;401
10;2025-T1;Jujuy;2,55;10,5;20395;18279;1791;89;236
11;2025-T1;La Pampa;16,35;51,69;60358;54094;5301;265;698
12;2025-T1;La Rioja;5,11;20,45;21051;18867;1849;92;243
13;2025-T1;Mendoza;8,63;32,47;177854;159399;15619;780;2056
14;2025-T1;Misiones;4,14;16,02;54218;48592;4761;238;627
15;2025-T1;Neuquén;8,99;32,14;62437;55958;5483;274;722
16;2025-T1;Río Negro;8,71;30,12;68071;61007;5978;299;787
17;2025-T1;Salta;4,22;18,52;62817;56298;5517;276;726
18;2025-T1;San Juan;6,88;28,44;55792;50002;4900;245;645
19;2025-T1;San Luis;5,18;19,25;27537;24680;2418;121;318
20;2025-T1;Santa Cruz;5,03;19,06;20059;17977;1762;88;232
21;2025-T1;Santa Fe;10,93;36,07;396972;355779;34862;1742;4589
22;2025-T1;Santiago del Estero;5,1;21,62;51773;46400;4547;227;599
23;2025-T1;Tierra del Fuego;8,24;31,34;15590;13973;1369;68;180
24;2025-T1;Tucumán;7,2;30,8;127261;114056;11176;558;1471
25;2024-T1;Buenos Aires;16,1;51,65;2605367;266413;11613;37782;2921175
26;2024-T1;CABA;46,05;110,83;1266922;129549;5647;18372;1420490
27;2024-T1;Catamarca;6,29;25,79;24025;2457;107;348;26937
28;2024-T1;Chaco;6,16;24,17;68481;7003;305;993;76782
29;2024-T1;Chubut;8,78;31,02;51338;5250;229;744;57561
30;2024-T1;Córdoba;14,15;48,55;491827;50292;2192;7132;551443
31;2024-T1;Corrientes;6,92;27,38;71232;7284;318;1033;79867
32;2024-T1;Entre Ríos;11,92;41,68;152174;15561;678;2207;170620
33;2024-T1;Formosa;4,96;20,27;27539;2816;123;399;30877
34;2024-T1;Jujuy;5,43;22,4;38812;3969;173;563;43517
35;2024-T1;La Pampa;17,97;56,8;59154;6049;264;858;66325
36;2024-T1;La Rioja;5,96;23,86;21900;2239;98;318;24555
37;2024-T1;Mendoza;8,35;31,42;153535;15700;684;2226;172145
38;2024-T1;Misiones;6,41;24,83;74942;7663;334;1087;84026
39;2024-T1;Neuquén;8,84;31,6;54748;5598;244;794;61384
40;2024-T1;Río Negro;8,89;30,76;62013;6341;276;899;69529
41;2024-T1;Salta;6,55;28,72;86893;8885;387;1260;97425
42;2024-T1;San Juan;7,38;30,5;53368;5457;238;774;59837
43;2024-T1;San Luis;5,46;20,27;25861;2644;115;375;28995
44;2024-T1;Santa Cruz;5,44;20,61;19346;1978;86;281;21691
45;2024-T1;Santa Fe;16,46;54,34;533414;54544;2378;7735;598071
46;2024-T1;Santiago del Estero;6,18;26,16;55886;5715;249;810;62660
47;2024-T1;Tierra del Fuego;8,88;33,78;14988;1533;67;217;16805
48;2024-T1;Tucumán;9,36;40,02;147467;15079;657;2138;165341
49;2024-T2;Buenos Aires;11,39;36,44;2793773;299661;12436;42016;3147886
50;2024-T2;CABA;27,59;66,46;1466033;157247;6526;22048;1651854
51;2024-T2;Catamarca;6,12;25,09;18074;1939;80;272;20365
52;2024-T2;Chaco;6,01;23,55;47897;5137;213;720;53967
53;2024-T2;Chubut;8,71;30,78;48049;5154;214;723;54140
54;2024-T2;Córdoba;13,82;47,42;427266;45829;1902;6426;481423
55;2024-T2;Corrientes;6,74;26,67;70887;7603;316;1066;79872
56;2024-T2;Entre Ríos;11,62;40,62;129069;13844;575;1941;145429
57;2024-T2;Formosa;4,82;19,68;31766;3407;141;478;35792
58;2024-T2;Jujuy;5,29;21,78;24661;2645;110;371;27787
59;2024-T2;La Pampa;17,52;55,37;59947;6430;267;902;67546
60;2024-T2;La Rioja;5,79;23,18;20422;2191;91;307;23011
61;2024-T2;Mendoza;8,33;31,34;167466;17963;745;2519;188693
62;2024-T2;Misiones;6,25;24,2;60485;6488;269;910;68152
63;2024-T2;Neuquén;8,73;31,17;60010;6437;267;903;67617
64;2024-T2;Río Negro;8,85;30,59;61702;6618;275;928;69523
65;2024-T2;Salta;6,37;27,91;66426;7125;296;999;74846
66;2024-T2;San Juan;7,36;30,42;47476;5092;211;714;53493
67;2024-T2;San Luis;5,44;20,2;24780;2658;110;373;27921
68;2024-T2;Santa Cruz;5,41;20,48;19793;2123;88;298;22302
69;2024-T2;Santa Fe;16,11;53,17;401053;43017;1785;6032;451887
70;2024-T2;Santiago del Estero;6,06;25,68;52473;5628;234;789;59124
71;2024-T2;Tierra del Fuego;8,83;33,57;13093;1404;58;197;14752
72;2024-T2;Tucumán;9,1;38,9;130314;13977;580;1960;146831
73;2024-T3;Buenos Aires;15,3;48,84;2490358;252907;11599;34144;2789008
74;2024-T3;CABA;43,19;104,17;1190042;120854;5543;16316;1332755
75;2024-T3;Catamarca;5,99;24,55;23001;2336;107;315;25759
76;2024-T3;Chaco;5,89;23,08;65803;6682;306;902;73693
77;2024-T3;Chubut;8,68;30,65;51211;5201;239;702;57353
78;2024-T3;Córdoba;13,59;46,6;475068;48245;2213;6513;532039
79;2024-T3;Corrientes;6,61;26,12;68345;6941;318;937;76541
80;2024-T3;Entre Ríos;11,39;39,8;146128;14840;681;2003;163652
81;2024-T3;Formosa;4,72;19,25;26298;2671;122;361;29452
82;2024-T3;Jujuy;5,17;21,31;37162;3774;173;510;41619
83;2024-T3;La Pampa;17,17;54,24;56791;5768;265;779;63603
84;2024-T3;La Rioja;5,66;22,66;20969;2129;98;287;23483
85;2024-T3;Mendoza;8,31;31,26;153695;15608;716;2107;172126
86;2024-T3;Misiones;6,13;23,72;72080;7320;336;988;80724
87;2024-T3;Neuquén;8,7;31,06;54230;5507;253;744;60734
88;2024-T3;Río Negro;8,81;30,43;61823;6278;288;848;69237
89;2024-T3;Salta;6,23;27,29;83194;8449;387;1141;93171
90;2024-T3;San Juan;7,34;30,34;53429;5426;249;733;59837
91;2024-T3;San Luis;5,43;20,14;25890;2629;121;355;28995
92;2024-T3;Santa Cruz;5,38;20,35;19368;1967;90;266;21691
93;2024-T3;Santa Fe;15,84;52,28;515754;52377;2402;7071;577604
94;2024-T3;Santiago del Estero;5,98;25,29;54369;5521;253;745;60888
95;2024-T3;Tierra del Fuego;8,78;33,36;15005;1524;70;206;16805
96;2024-T3;Tucumán;8,9;38,04;141197;14339;658;1936;158130
97;2024-T4;Buenos Aires;15,73;50,1;2569839;256962;12550;34793;2874144
98;2024-T4;CABA;49,73;120,06;1372151;137203;6701;18578;1534633
99;2024-T4;Catamarca;3,88;15,88;14925;1492;73;202;16692
100;2024-T4;Chaco;3,47;13,59;38900;3890;190;527;43507
101;2024-T4;Chubut;7,59;26,78;44993;4499;220;609;50321
102;2024-T4;Córdoba;11,3;38,76;396682;39665;1937;5371;443655
103;2024-T4;Corrientes;5,91;23,36;61323;6132;299;830;68584
104;2024-T4;Entre Ríos;8,98;31,38;115657;11565;565;1566;129353
105;2024-T4;Formosa;5,5;22,43;30745;3074;150;416;34385
106;2024-T4;Jujuy;2,62;10,78;18887;1889;92;256;21124
107;2024-T4;La Pampa;16,53;52,23;54881;5488;268;743;61380
108;2024-T4;La Rioja;4,93;19,71;18325;1832;89;248;20494
109;2024-T4;Mendoza;8,81;33,14;163613;16360;799;2215;182987
110;2024-T4;Misiones;4,23;16,34;49866;4986;244;675;55771
111;2024-T4;Neuquén;8,91;31,8;55787;5578;272;755;62392
112;2024-T4;Río Negro;8,65;29,87;60960;6095;298;825;68178
113;2024-T4;Salta;4,33;18,95;58026;5802;283;786;64897
114;2024-T4;San Juan;6,11;25,24;44623;4462;218;604;49907
115;2024-T4;San Luis;4,95;18,38;23731;2373;116;321;26541
116;2024-T4;Santa Cruz;5,08;19,23;18442;1844;90;250;20626
117;2024-T4;Santa Fe;10,88;35,9;355300;35527;1735;4810;397372
118;2024-T4;Santiago del Estero;5,08;21,5;46391;4639;227;628;51885
119;2024-T4;Tierra del Fuego;7,11;27;12235;1224;60;166;13685
120;2024-T4;Tucumán;7,25;30,97;115452;11544;564;1563;129123
121;2023-T1;Buenos Aires;16,8;50,96;2590193;291279;11371;44983;2937826
122;2023-T1;CABA;47,2;113,63;1279427;143878;5617;22220;1451142
123;2023-T1;Catamarca;6,79;26,7;24801;2789;109;431;28130
124;2023-T1;Chaco;6,66;24,9;70458;7923;309;1224;79914
125;2023-T1;Chubut;9,33;30,43;50618;5692;222;879;57411
126;2023-T1;Córdoba;15,27;49,87;504532;56737;2215;8762;572246
127;2023-T1;Corrientes;7,45;28,29;73387;8253;322;1275;83237
128;2023-T1;Entre Ríos;12,86;43,01;156653;17617;688;2721;177679
129;2023-T1;Formosa;5,45;21,41;28992;3260;127;503;32882
130;2023-T1;Jujuy;5,92;23,14;40065;4506;176;696;45443
131;2023-T1;La Pampa;19;57,66;59869;6733;263;1040;67905
132;2023-T1;La Rioja;6,54;24,58;22608;2542;99;393;25642
133;2023-T1;Mendoza;8,68;31,1;151793;17070;666;2636;172165
134;2023-T1;Misiones;6,8;24,96;75309;8469;331;1308;85417
135;2023-T1;Neuquén;9,45;31,76;55106;6197;242;957;62502
136;2023-T1;Río Negro;9,07;29,48;59511;6692;261;1034;67498
137;2023-T1;Salta;7,17;29,61;89696;10087;394;1558;101735
138;2023-T1;San Juan;7,69;30,18;52756;5933;232;916;59837
139;2023-T1;San Luis;5,73;20,01;25564;2875;112;444;28995
140;2023-T1;Santa Cruz;6,15;20,66;19658;2211;86;341;22296
141;2023-T1;Santa Fe;16,98;54;528080;59385;2318;9171;598954
142;2023-T1;Santiago del Estero;6,61;26,64;56828;6391;249;987;64455
143;2023-T1;Tierra del Fuego;9,77;32,95;14815;1666;65;257;16803
144;2023-T1;Tucumán;10,23;41,29;152218;17118;668;2644;172648
145;2023-T2;Buenos Aires;13,35;40,4;2793773;299661;12436;42016;3147886
146;2023-T2;CABA;36,06;86,91;1466033;157247;6526;22048;1651854
147;2023-T2;Catamarca;5,08;19,98;18074;1939;80;272;20365
148;2023-T2;Chaco;4,83;18,07;47897;5137;213;720;53967
149;2023-T2;Chubut;9,76;31,84;48049;5154;214;723;54140
150;2023-T2;Córdoba;12,53;40,93;427266;45829;1902;6426;481423
151;2023-T2;Corrientes;7,47;28,37;70887;7603;316;1066;79872
152;2023-T2;Entre Ríos;10,82;36,18;129069;13844;575;1941;145429
153;2023-T2;Formosa;5,54;21,77;31766;3407;141;478;35792
154;2023-T2;Jujuy;3,94;15,4;24661;2645;110;371;27787
155;2023-T2;La Pampa;18,82;57,11;59947;6430;267;902;67546
156;2023-T2;La Rioja;5,96;22,38;20422;2191;91;307;23011
157;2023-T2;Mendoza;8,47;30,36;167466;17963;745;2519;188693
158;2023-T2;Misiones;5,77;21,19;60485;6488;269;910;68152
159;2023-T2;Neuquén;11,21;37,67;60010;6437;267;903;67617
160;2023-T2;Río Negro;8,72;28,35;61702;6618;275;928;69523
161;2023-T2;Salta;5,44;22,47;66426;7125;296;999;74846
162;2023-T2;San Juan;8,15;32,01;47476;5092;211;714;53493
163;2023-T2;San Luis;5,18;18,09;24780;2658;110;373;27921
164;2023-T2;Santa Cruz;6,38;21,44;19793;2123;88;298;22302
165;2023-T2;Santa Fe;13,58;43,18;401053;43017;1785;6032;451887
166;2023-T2;Santiago del Estero;6,28;25,3;52473;5628;234;789;59124
167;2023-T2;Tierra del Fuego;11,47;38,68;13093;1404;58;197;14752
168;2023-T2;Tucumán;8,96;36,19;130314;13977;580;1960;146831
169;2023-T3;Buenos Aires;18,17;54,85;2830114;306770;12290;43040;3192214
170;2023-T3;CABA;54,62;131,8;1489625;161468;6469;22654;1680216
171;2023-T3;Catamarca;5,07;19,92;18687;2025;81;284;21077
172;2023-T3;Chaco;4,69;17,56;50198;5441;218;763;56620
173;2023-T3;Chubut;9,72;31,71;53485;5797;232;813;60327
174;2023-T3;Córdoba;12,44;40,63;415451;45033;1804;6318;468606
175;2023-T3;Corrientes;7,32;27,79;72824;7894;316;1107;82141
176;2023-T3;Entre Ríos;10,73;35,87;131985;14307;573;2007;148872
177;2023-T3;Formosa;5,65;22,21;30373;3292;132;462;34259
178;2023-T3;Jujuy;3,74;14,61;25585;2773;111;389;28858
179;2023-T3;La Pampa;18,78;56,99;59745;6476;259;909;67389
180;2023-T3;La Rioja;5,93;22,26;20717;2246;90;315;23368
181;2023-T3;Mendoza;8,53;30,58;150843;16351;655;2294;170143
182;2023-T3;Misiones;5,58;20,48;62480;6772;271;950;70473
183;2023-T3;Neuquén;11,23;37,71;66230;7179;288;1007;74704
184;2023-T3;Río Negro;8,88;28,87;58978;6393;256;897;66524
185;2023-T3;Salta;5,44;22,45;68812;7459;299;1046;77616
186;2023-T3;San Juan;8,13;31,93;56431;6117;245;858;63651
187;2023-T3;San Luis;5,16;18,04;23313;2527;101;355;26296
188;2023-T3;Santa Cruz;6,34;21,31;20642;2237;90;314;23283
189;2023-T3;Santa Fe;13,14;41,78;412407;44703;1791;6272;465173
190;2023-T3;Santiago del Estero;6,16;24,83;53544;5804;233;814;60395
191;2023-T3;Tierra del Fuego;11,4;38,44;17597;1907;76;268;19848
192;2023-T3;Tucumán;8,88;35,83;133608;14482;580;2032;150702
193;2023-T4;Buenos Aires;17,87;53,84;2793773;299661;12436;42016;3147886
194;2023-T4;CABA;53,68;129,69;1466033;157247;6526;22048;1651854
195;2023-T4;Catamarca;4,88;19,2;18074;1939;80;272;20365
196;2023-T4;Chaco;4,46;16,7;47897;5137;213;720;53967
197;2023-T4;Chubut;8,69;28,34;48049;5154;214;723;54140
198;2023-T4;Córdoba;12,75;41,64;427266;45829;1902;6426;481423
199;2023-T4;Corrientes;7,1;26,97;70887;7603;316;1066;79872
200;2023-T4;Entre Ríos;10,45;34,96;129069;13844;575;1941;145429
201;2023-T4;Formosa;5,89;23,16;31766;3407;141;478;35792
202;2023-T4;Jujuy;3,59;14,03;24661;2645;110;371;27787
203;2023-T4;La Pampa;18,78;57;59947;6430;267;902;67546
204;2023-T4;La Rioja;5,82;21,85;20422;2191;91;307;23011
205;2023-T4;Mendoza;9,44;33,83;167466;17963;745;2519;188693
206;2023-T4;Misiones;5,38;19,75;60485;6488;269;910;68152
207;2023-T4;Neuquén;10,13;34,03;60010;6437;267;903;67617
208;2023-T4;Río Negro;9,25;30,08;61702;6618;275;928;69523
209;2023-T4;Salta;5,23;21,59;66426;7125;296;999;74846
210;2023-T4;San Juan;6,82;26,76;47476;5092;211;714;53493
211;2023-T4;San Luis;5,46;19,09;24780;2658;110;373;27921
212;2023-T4;Santa Cruz;6,04;20,29;19793;2123;88;298;22302
213;2023-T4;Santa Fe;12,74;40,51;401053;43017;1785;6032;451887
214;2023-T4;Santiago del Estero;6,02;24,25;52473;5628;234;789;59124
215;2023-T4;Tierra del Fuego;8,42;28,4;13093;1404;58;197;14752
216;2023-T4;Tucumán;8,62;34,81;130314;13977;580;1960;146831
217;2022-T1;Buenos Aires;17,51;53,12;2735498;266125;11364;49088;3062075
218;2022-T1;CABA;46,59;112,15;1279557;124483;5316;22962;1432318
219;2022-T1;Catamarca;7,28;28,62;26940;2621;112;483;30156
220;2022-T1;Chaco;7,07;26,43;75774;7372;315;1360;84821
221;2022-T1;Chubut;9,93;32,39;54598;5312;227;980;61117
222;2022-T1;Córdoba;15,44;50,43;516972;50294;2148;9277;578691
223;2022-T1;Corrientes;7,96;30,22;79448;7729;330;1426;88933
224;2022-T1;Entre Ríos;13,72;45,9;169391;16479;704;3040;189614
225;2022-T1;Formosa;5,6;22,02;30216;2940;126;542;33824
226;2022-T1;Jujuy;6,34;24,79;43490;4231;181;780;48682
227;2022-T1;La Pampa;19,2;58,27;61301;5964;255;1100;68620
228;2022-T1;La Rioja;7,02;26,35;24556;2389;102;441;27488
229;2022-T1;Mendoza;8,25;29,56;146185;14222;607;2623;163637
230;2022-T1;Misiones;7,27;26,68;81592;7938;339;1464;91333
231;2022-T1;Neuquén;9,96;33,45;58821;5722;244;1056;65843
232;2022-T1;Río Negro;9,59;31,17;63757;6203;265;1144;71369
233;2022-T1;Salta;7,69;31,74;97423;9478;405;1748;109054
234;2022-T1;San Juan;8,06;31,65;56073;5455;233;1006;62767
235;2022-T1;San Luis;5,94;20,76;26864;2613;112;482;30071
236;2022-T1;Santa Cruz;6,55;22,02;21232;2065;88;381;23766
237;2022-T1;Santa Fe;17,82;56,67;561564;54632;2333;10077;628606
238;2022-T1;Santiago del Estero;6,92;27,9;60303;5867;251;1082;67503
239;2022-T1;Tierra del Fuego;10,44;35,23;16050;1561;67;288;17966
240;2022-T1;Tucumán;10,96;44,23;165226;16074;686;2965;184951
241;2022-T2;Buenos Aires;12,98;39,29;2802796;264038;12029;49568;3128431
242;2022-T2;CABA;32,84;79,15;1400437;131928;6010;24767;1563142
243;2022-T2;Catamarca;6,53;25,69;22473;2117;96;397;25083
244;2022-T2;Chaco;5,66;21,17;57950;5459;249;1025;64683
245;2022-T2;Chubut;9,5;30,99;48601;4579;209;860;54249
246;2022-T2;Córdoba;12,93;42,23;443560;41786;1904;7845;495095
247;2022-T2;Corrientes;8,11;30,78;79748;7513;342;1410;89013
248;2022-T2;Entre Ríos;11,68;39,05;143480;13517;616;2538;160151
249;2022-T2;Formosa;5,8;22,8;31523;2970;135;558;35186
250;2022-T2;Jujuy;4,87;19,03;31944;3009;137;565;35655
251;2022-T2;La Pampa;19,02;57,74;59445;5600;255;1051;66351
252;2022-T2;La Rioja;6,69;25,15;22924;2159;98;405;25586
253;2022-T2;Mendoza;6,93;24,83;145977;13752;627;2582;162938
254;2022-T2;Misiones;6,08;22,31;68398;6444;294;1210;76346
255;2022-T2;Neuquén;10,68;35,88;61543;5798;264;1088;68693
256;2022-T2;Río Negro;8,78;28,55;60348;5685;259;1067;67359
257;2022-T2;Salta;6,32;26,08;77373;7289;332;1368;86362
258;2022-T2;San Juan;7,76;30,47;47306;4457;203;837;52803
259;2022-T2;San Luis;5;17,46;24822;2338;107;439;27706
260;2022-T2;Santa Cruz;6,34;21,31;20594;1940;88;364;22986
261;2022-T2;Santa Fe;14,45;45,96;439437;41397;1886;7772;490492
262;2022-T2;Santiago del Estero;6,43;25,9;58153;5478;250;1028;64909
263;2022-T2;Tierra del Fuego;11,05;37,26;13289;1252;57;235;14833
264;2022-T2;Tucumán;9,97;40,25;145875;13742;626;2580;162823
265;2022-T3;Buenos Aires;17,74;53,56;2791694;265040;11756;48270;3116760
266;2022-T3;CABA;50,97;123;1404441;133336;5914;24284;1567975
267;2022-T3;Catamarca;6,16;24,23;22971;2181;97;397;25646
268;2022-T3;Chaco;5,43;20,33;58715;5574;247;1015;65551
269;2022-T3;Chubut;9,46;30,85;52576;4991;221;909;58697
270;2022-T3;Córdoba;12,93;42,22;436156;41408;1837;7541;486942
271;2022-T3;Corrientes;8,02;30,44;80594;7651;339;1393;89977
272;2022-T3;Entre Ríos;11,33;37,88;140805;13368;593;2435;157201
273;2022-T3;Formosa;5,82;22,86;31577;2998;133;546;35254
274;2022-T3;Jujuy;4,66;18,23;32252;3062;136;558;36008
275;2022-T3;La Pampa;18,45;55,99;59307;5630;250;1025;66212
276;2022-T3;La Rioja;6,45;24,24;22793;2164;96;394;25447
277;2022-T3;Mendoza;6,94;24,89;124018;11774;522;2144;138458
278;2022-T3;Misiones;6,06;22,26;68616;6514;289;1186;76605
279;2022-T3;Neuquén;10,98;36,89;65457;6214;276;1132;73079
280;2022-T3;Río Negro;8,69;28,26;58320;5537;246;1008;65111
281;2022-T3;Salta;6,15;25,39;78622;7464;331;1359;87776
282;2022-T3;San Juan;7,74;30,39;54269;5152;229;938;60588
283;2022-T3;San Luis;4,98;17,41;22726;2158;96;393;25373
284;2022-T3;Santa Cruz;6,21;20,87;20419;1939;86;353;22797
285;2022-T3;Santa Fe;14,06;44,7;445778;42322;1877;7708;497685
286;2022-T3;Santiago del Estero;6,39;25,75;56091;5325;236;970;62622
287;2022-T3;Tierra del Fuego;10,98;37,04;17128;1626;72;296;19122
288;2022-T3;Tucumán;9,64;38,94;146684;13926;618;2536;163764
289;2022-T4;Buenos Aires;17,76;53,5;2802796;264038;12029;49568;3128431
290;2022-T4;CABA;50,8;122,73;1400437;131928;6010;24767;1563142
291;2022-T4;Catamarca;6,02;23,65;22473;2117;96;397;25083
292;2022-T4;Chaco;5,35;20,01;57950;5459;249;1025;64683
293;2022-T4;Chubut;8,7;28,4;48601;4579;209;860;54249
294;2022-T4;Córdoba;13,11;42,82;443560;41786;1904;7845;495095
295;2022-T4;Corrientes;7,91;30,06;79748;7513;342;1410;89013
296;2022-T4;Entre Ríos;11,51;38,5;143480;13517;616;2538;160151
297;2022-T4;Formosa;5,79;22,77;31523;2970;135;558;35186
298;2022-T4;Jujuy;4,6;18,01;31944;3009;137;565;35655
299;2022-T4;La Pampa;18,45;55,99;59445;5600;255;1051;66351
300;2022-T4;La Rioja;6,47;24,29;22924;2159;98;405;25586
301;2022-T4;Mendoza;8,15;29,21;145977;13752;627;2582;162938
302;2022-T4;Misiones;6,03;22,12;68398;6444;294;1210;76346
303;2022-T4;Neuquén;10,29;34,57;61543;5798;264;1088;68693
304;2022-T4;Río Negro;8,96;29,14;60348;5685;259;1067;67359
305;2022-T4;Salta;6,03;24,91;77373;7289;332;1368;86362
306;2022-T4;San Juan;6,73;26,42;47306;4457;203;837;52803
307;2022-T4;San Luis;5,42;18,95;24822;2338;107;439;27706
308;2022-T4;Santa Cruz;6,22;20,91;20594;1940;88;364;22986
309;2022-T4;Santa Fe;13,83;43,97;439437;41397;1886;7772;490492
310;2022-T4;Santiago del Estero;6,61;26,62;58153;5478;250;1028;64909
311;2022-T4;Tierra del Fuego;8,47;28,56;13289;1252;57;235;14833
312;2022-T4;Tucumán;9,56;38,6;145875;13742;626;2580;162823
313;2021-T1;Buenos Aires;18,32;55,58;2874157;247958;15146;66500;3203761
314;2021-T1;CABA;45,39;109,28;1252044;108016;6598;28969;1395627
315;2021-T1;Catamarca;6,42;25,24;23860;2059;126;552;26597
316;2021-T1;Chaco;6,32;23,63;68032;5869;359;1574;75834
317;2021-T1;Chubut;11,87;38,72;65551;5655;345;1517;73068
318;2021-T1;Córdoba;13,98;45,65;469865;40536;2476;10871;523748
319;2021-T1;Corrientes;7,06;26,79;70737;6103;373;1637;78850
320;2021-T1;Entre Ríos;12,19;40,77;151117;13037;796;3496;168446
321;2021-T1;Formosa;5,18;20,35;28048;2420;148;649;31265
322;2021-T1;Jujuy;5,59;21,87;38534;3324;203;892;42953
323;2021-T1;La Pampa;19,91;60,42;63832;5507;336;1477;71152
324;2021-T1;La Rioja;6,19;23,25;21759;1877;115;503;24254
325;2021-T1;Mendoza;9,9;35,47;176118;15194;928;4075;196315
326;2021-T1;Misiones;6,53;23,98;73632;6352;388;1704;82076
327;2021-T1;Neuquén;11,25;37,8;66749;5759;352;1544;74404
328;2021-T1;Río Negro;11,1;36,1;74164;6398;391;1716;82669
329;2021-T1;Salta;6,78;28,01;86315;7447;455;1997;96214
330;2021-T1;San Juan;9,61;37,74;67138;5792;354;1553;74837
331;2021-T1;San Luis;6,8;23,77;30888;2665;163;715;34431
332;2021-T1;Santa Cruz;7,43;24,95;24160;2084;127;559;26930
333;2021-T1;Santa Fe;16,16;51,4;511464;44125;2695;11834;570118
334;2021-T1;Santiago del Estero;6,38;25,69;55762;4811;294;1290;62157
335;2021-T1;Tierra del Fuego;12,54;42,3;19353;1670;102;448;21573
336;2021-T1;Tucumán;9,67;39,03;146397;12630;771;3387;163185
337;2021-T2;Buenos Aires;13,65;41,31;3012453;234051;14886;51980;3313370
338;2021-T2;CABA;27,67;66,68;1308400;101656;6465;22576;1439097
339;2021-T2;Catamarca;6,44;25,34;26944;2093;133;465;29635
340;2021-T2;Chaco;6,3;23,56;82580;6416;408;1425;90829
341;2021-T2;Chubut;11,82;38,57;62015;4818;306;1070;68209
342;2021-T2;Córdoba;13,31;43,49;530703;41233;2622;9157;583715
343;2021-T2;Corrientes;7,19;27,3;89073;6921;440;1537;97971
344;2021-T2;Entre Ríos;12,17;40,7;188688;14660;932;3256;207536
345;2021-T2;Formosa;5,31;20,86;33104;2572;164;571;36411
346;2021-T2;Jujuy;4,77;18,67;40239;3126;199;694;44258
347;2021-T2;La Pampa;19,91;60,42;65235;5068;322;1126;71751
348;2021-T2;La Rioja;5,69;21,37;24334;1891;120;420;26765
349;2021-T2;Mendoza;9,86;35,33;185947;14447;919;3209;204522
350;2021-T2;Misiones;6,45;23,67;89666;6966;443;1547;98622
351;2021-T2;Neuquén;11,2;37,63;66022;5129;326;1139;72616
352;2021-T2;Río Negro;11,26;36,6;78450;6095;388;1354;86287
353;2021-T2;Salta;6,76;27,92;109367;8497;540;1887;120291
354;2021-T2;San Juan;9,59;37,64;60580;4707;299;1045;66631
355;2021-T2;San Luis;6,78;23,69;30022;2332;148;518;33020
356;2021-T2;Santa Cruz;7,39;24,84;25220;1960;125;435;27740
357;2021-T2;Santa Fe;15,71;49,96;596238;46324;2946;10288;655796
358;2021-T2;Santiago del Estero;6,02;24,26;60596;4708;299;1046;66649
359;2021-T2;Tierra del Fuego;12,46;42,04;17217;1338;85;297;18937
360;2021-T2;Tucumán;8,27;33,37;150653;11705;744;2600;165702
361;2021-T3;Buenos Aires;18,01;54,38;2852029;242423;15465;54601;3164518
362;2021-T3;CABA;44,45;107,27;1232448;104759;6683;23595;1367485
363;2021-T3;Catamarca;5,93;23,32;22245;1891;121;426;24683
364;2021-T3;Chaco;6,11;22,88;66485;5651;361;1273;73770
365;2021-T3;Chubut;11,77;38,41;65869;5599;357;1261;73086
366;2021-T3;Córdoba;12,85;41,97;436222;37079;2365;8351;484017
367;2021-T3;Corrientes;6,95;26,41;70346;5979;381;1347;78053
368;2021-T3;Entre Ríos;11,82;39,52;147826;12565;802;2830;164023
369;2021-T3;Formosa;5,03;19,76;27462;2334;149;526;30471
370;2021-T3;Jujuy;4,55;17,8;31688;2693;172;607;35160
371;2021-T3;La Pampa;19,98;60,65;64644;5495;351;1238;71728
372;2021-T3;La Rioja;5,48;20,59;19479;1656;106;373;21614
373;2021-T3;Mendoza;9,83;35,23;176671;15017;958;3382;196028
374;2021-T3;Misiones;6,24;22,92;71080;6042;385;1361;78868
375;2021-T3;Neuquén;11,15;37,46;66876;5684;363;1280;74203
376;2021-T3;Río Negro;11,18;36,33;75456;6414;409;1445;83724
377;2021-T3;Salta;6,57;27,14;84554;7187;458;1619;93818
378;2021-T3;San Juan;9,56;37,54;67447;5733;366;1291;74837
379;2021-T3;San Luis;6,76;23,62;31031;2638;168;594;34431
380;2021-T3;Santa Cruz;7,34;24,68;24299;2065;132;465;26961
381;2021-T3;Santa Fe;15,25;48,48;486509;41353;2638;9314;539814
382;2021-T3;Santiago del Estero;5,85;23,59;51711;4395;280;990;57376
383;2021-T3;Tierra del Fuego;12,39;41,79;19443;1653;105;372;21573
384;2021-T3;Tucumán;7,84;31,64;119923;10193;650;2296;133062
385;2021-T4;Buenos Aires;18,81;56,67;3012453;234051;14886;51980;3313370
386;2021-T4;CABA;46,77;112,99;1308400;101656;6465;22576;1439097
387;2021-T4;Catamarca;7,11;27,94;26944;2093;133;465;29635
388;2021-T4;Chaco;7,51;28,1;82580;6416;408;1425;90829
389;2021-T4;Chubut;10,94;35,71;62015;4818;306;1070;68209
390;2021-T4;Córdoba;15,46;50,49;530703;41233;2622;9157;583715
391;2021-T4;Corrientes;8,71;33,08;89073;6921;440;1537;97971
392;2021-T4;Entre Ríos;14,92;49,89;188688;14660;932;3256;207536
393;2021-T4;Formosa;6;23,56;33104;2572;164;571;36411
394;2021-T4;Jujuy;5,72;22,35;40239;3126;199;694;44258
395;2021-T4;La Pampa;19,95;60,55;65235;5068;322;1126;71751
396;2021-T4;La Rioja;6,76;25,41;24334;1891;120;420;26765
397;2021-T4;Mendoza;10,23;36,67;185947;14447;919;3209;204522
398;2021-T4;Misiones;7,78;28,58;89666;6966;443;1547;98622
399;2021-T4;Neuquén;10,88;36,55;66022;5129;326;1139;72616
400;2021-T4;Río Negro;11,48;37,33;78450;6095;388;1354;86287
401;2021-T4;Salta;8,4;34,69;109367;8497;540;1887;120291
402;2021-T4;San Juan;8,49;33,34;60580;4707;299;1045;66631
403;2021-T4;San Luis;6,46;22,58;30022;2332;148;518;33020
404;2021-T4;Santa Cruz;7,51;25,23;25220;1960;125;435;27740
405;2021-T4;Santa Fe;18,49;58,79;596238;46324;2946;10288;655796
406;2021-T4;Santiago del Estero;6,78;27,34;60596;4708;299;1046;66649
407;2021-T4;Tierra del Fuego;10,81;36,46;17217;1338;85;297;18937
408;2021-T4;Tucumán;9,73;39,28;150653;11705;744;2600;165702
409;2020-T1;Buenos Aires;18,65;56,57;2925747;261533;14423;59561;3261264
410;2020-T1;CABA;47,36;114,02;1306383;116778;6440;26595;1456196
411;2020-T1;Catamarca;7,18;28,23;26683;2385;132;543;29743
412;2020-T1;Chaco;7;26,19;75394;6740;372;1535;84041
413;2020-T1;Chubut;12,78;41,7;70596;6311;348;1437;78692
414;2020-T1;Córdoba;15,32;50,03;515015;46037;2539;10484;574075
415;2020-T1;Corrientes;7,84;29,78;78631;7029;388;1601;87649
416;2020-T1;Entre Ríos;13,52;45,22;167614;14983;826;3412;186835
417;2020-T1;Formosa;5,73;22,5;31006;2772;153;631;34562
418;2020-T1;Jujuy;6,25;24,43;43049;3848;212;876;47985
419;2020-T1;La Pampa;19,79;60,06;63456;5672;313;1292;70733
420;2020-T1;La Rioja;6,91;25,96;24292;2172;120;495;27079
421;2020-T1;Mendoza;10,62;38,07;189045;16899;932;3849;210725
422;2020-T1;Misiones;7,23;26,54;81487;7284;402;1659;90832
423;2020-T1;Neuquén;11,72;39,37;69515;6214;343;1415;77487
424;2020-T1;Río Negro;11,86;38,55;79180;7078;390;1612;88260
425;2020-T1;Salta;7,58;31,29;96447;8621;475;1963;107506
426;2020-T1;San Juan;10,08;39,59;70426;6295;347;1434;78502
427;2020-T1;San Luis;7,18;25,08;32595;2914;161;664;36334
428;2020-T1;Santa Cruz;8,1;27,21;26340;2354;130;536;29360
429;2020-T1;Santa Fe;17,71;56,31;560308;50086;2762;11407;624563
430;2020-T1;Santiago del Estero;6,9;27,79;60320;5392;297;1228;67237
431;2020-T1;Tierra del Fuego;13,69;46,18;21127;1889;104;430;23550
432;2020-T1;Tucumán;10,81;43,63;163656;14629;807;3332;182424
433;2020-T2;Buenos Aires;14,19;42,94;2906464;254292;14992;56709;3232457
434;2020-T2;CABA;30,89;74,44;1280284;112014;6604;24980;1423882
435;2020-T2;Catamarca;8,2;32,25;30145;2637;155;588;33525
436;2020-T2;Chaco;6,96;26,03;72933;6381;376;1423;81113
437;2020-T2;Chubut;12,41;40,5;65655;5744;339;1281;73019
438;2020-T2;Córdoba;14,83;48,44;481136;42096;2482;9388;535102
439;2020-T2;Corrientes;7,79;29,57;76714;6712;396;1497;85319
440;2020-T2;Entre Ríos;13,24;44,28;160937;14081;830;3140;178988
441;2020-T2;Formosa;5,81;22,84;30623;2679;158;597;34057
442;2020-T2;Jujuy;7,22;28,24;41079;3594;212;801;45686
443;2020-T2;La Pampa;19,71;59,83;63505;5556;328;1239;70628
444;2020-T2;La Rioja;7,51;28,2;26351;2305;136;514;29306
445;2020-T2;Mendoza;10,25;36,73;176583;15449;911;3445;196388
446;2020-T2;Misiones;7,01;25,73;77112;6747;398;1505;85762
447;2020-T2;Neuquén;11,47;38,52;67028;5864;346;1308;74546
448;2020-T2;Río Negro;11,8;38,37;75990;6648;392;1483;84513
449;2020-T2;Salta;7,38;30,49;91363;7993;471;1783;101610
450;2020-T2;San Juan;9,89;38,82;67290;5887;347;1313;74837
451;2020-T2;San Luis;6,96;24,34;30958;2709;160;604;34431
452;2020-T2;Santa Cruz;7,72;25,93;24492;2143;126;478;27239
453;2020-T2;Santa Fe;17,33;55,1;532634;46601;2747;10392;592374
454;2020-T2;Santiago del Estero;6,84;27,57;59647;5219;308;1164;66338
455;2020-T2;Tierra del Fuego;13,19;44,5;19398;1697;100;378;21573
456;2020-T2;Tucumán;10,8;43,6;163055;14266;841;3181;181343
457;2020-T3;Buenos Aires;18,4;55,56;2919939;236054;15784;61547;3233324
458;2020-T3;CABA;46,58;112,41;1294110;104618;6995;27277;1433000
459;2020-T3;Catamarca;8,08;31,75;30339;2453;164;640;33596
460;2020-T3;Chaco;6,84;25,6;74542;6026;403;1571;82542
461;2020-T3;Chubut;11,75;38,34;65879;5326;356;1389;72950
462;2020-T3;Córdoba;14,59;47,64;496134;40109;2682;10458;549383
463;2020-T3;Corrientes;7,69;29,22;77979;6304;422;1644;86349
464;2020-T3;Entre Ríos;13,06;43,69;163732;13236;885;3451;181304
465;2020-T3;Formosa;5,75;22,6;31485;2545;170;664;34864
466;2020-T3;Jujuy;6;23,46;41841;3382;226;882;46331
467;2020-T3;La Pampa;19,65;59,65;63699;5150;344;1343;70536
468;2020-T3;La Rioja;7,46;28,01;26553;2147;144;560;29404
469;2020-T3;Mendoza;9,85;35,3;177349;14337;959;3738;196383
470;2020-T3;Misiones;7,03;25,83;80269;6489;434;1692;88884
471;2020-T3;Neuquén;11,19;37,6;67261;5438;364;1418;74481
472;2020-T3;Río Negro;11,38;36,99;76977;6223;416;1623;85239
473;2020-T3;Salta;7,23;29,84;93160;7531;504;1964;103159
474;2020-T3;San Juan;9,56;37,54;67590;5464;365;1425;74844
475;2020-T3;San Luis;6,76;23,62;31098;2514;168;656;34436
476;2020-T3;Santa Cruz;7,43;24,97;24635;1992;133;519;27279
477;2020-T3;Santa Fe;17,63;56,08;563862;45584;3048;11885;624379
478;2020-T3;Santiago del Estero;6,77;27,28;59908;4843;324;1263;66338
479;2020-T3;Tierra del Fuego;12,39;41,79;19482;1575;105;411;21573
480;2020-T3;Tucumán;10,72;43,26;164330;13285;888;3464;181967
481;2020-T4;Buenos Aires;18,35;55,28;2906464;254292;14992;56709;3232457
482;2020-T4;CABA;46,28;111,79;1280284;112014;6604;24980;1423882
483;2020-T4;Catamarca;8,04;31,61;30145;2637;155;588;33525
484;2020-T4;Chaco;6,71;25,09;72933;6381;376;1423;81113
485;2020-T4;Chubut;11,72;38,22;65655;5744;339;1281;73019
486;2020-T4;Córdoba;14,17;46,28;481136;42096;2482;9388;535102
487;2020-T4;Corrientes;7,59;28,81;76714;6712;396;1497;85319
488;2020-T4;Entre Ríos;12,87;43,03;160937;14081;830;3140;178988
489;2020-T4;Formosa;5,61;22,04;30623;2679;158;597;34057
490;2020-T4;Jujuy;5,9;23,07;41079;3594;212;801;45686
491;2020-T4;La Pampa;19,64;59,6;63505;5556;328;1239;70628
492;2020-T4;La Rioja;7,41;27,82;26351;2305;136;514;29306
493;2020-T4;Mendoza;9,83;35,21;176583;15449;911;3445;196388
494;2020-T4;Misiones;6,77;24,85;77112;6747;398;1505;85762
495;2020-T4;Neuquén;11,17;37,52;67028;5864;346;1308;74546
496;2020-T4;Río Negro;11,25;36,56;75990;6648;392;1483;84513
497;2020-T4;Salta;7,1;29,3;91363;7993;471;1783;101610
498;2020-T4;San Juan;9,54;37,44;67290;5887;347;1313;74837
499;2020-T4;San Luis;6,74;23,55;30958;2709;160;604;34431
500;2020-T4;Santa Cruz;7,37;24,78;24492;2143;126;478;27239
501;2020-T4;Santa Fe;16,7;53,1;532634;46601;2747;10392;592374
502;2020-T4;Santiago del Estero;6,75;27,21;59647;5219;308;1164;66338
503;2020-T4;Tierra del Fuego;12,31;41,53;19398;1697;100;378;21573
504;2020-T4;Tucumán;10,65;42,99;163055;14266;841;3181;181343
505;2019-T1;Buenos Aires;20,58;63;3149299;280518;14901;118439;3563157
506;2019-T1;CABA;52,1;124,82;1413982;125948;6691;53177;1599798
507;2019-T1;Catamarca;8,81;34,64;31976;2848;151;1203;36178
508;2019-T1;Chaco;7,88;29,5;82819;7377;392;3115;93703
509;2019-T1;Chubut;14,67;47,84;78458;6988;371;2951;88768
510;2019-T1;Córdoba;17,69;57,78;580025;51665;2744;21814;656248
511;2019-T1;Corrientes;8,58;32,59;84010;7483;398;3159;95050
512;2019-T1;Entre Ríos;14,88;49,78;180079;16040;852;6772;203743
513;2019-T1;Formosa;6,32;24,81;33409;2976;158;1256;37799
514;2019-T1;Jujuy;6,82;26,68;45804;4080;217;1723;51824
515;2019-T1;La Pampa;18,59;56,42;58234;5187;276;2190;65887
516;2019-T1;La Rioja;8,49;31,89;29017;2585;137;1091;32830
517;2019-T1;Mendoza;12,28;43,99;213013;18974;1008;8011;241006
518;2019-T1;Misiones;8,18;30,04;89863;8004;425;3380;101672
519;2019-T1;Neuquén;12,8;42,99;73821;6575;349;2776;83521
520;2019-T1;Río Negro;13,66;44,41;88715;7902;420;3336;100373
521;2019-T1;Salta;8,78;36,23;108627;9676;514;4085;122902
522;2019-T1;San Juan;11,16;43,79;75928;6763;359;2855;85905
523;2019-T1;San Luis;8,58;29,99;37925;3378;179;1426;42908
524;2019-T1;Santa Cruz;9,66;32,47;30202;2690;143;1136;34171
525;2019-T1;Santa Fe;19,58;62,26;605596;53942;2865;22775;685178
526;2019-T1;Santiago del Estero;7,55;30,43;64420;5738;305;2423;72886
527;2019-T1;Tierra del Fuego;15,01;50,62;22257;1982;105;837;25181
528;2019-T1;Tucumán;12,39;50,03;182705;16274;865;6871;206715
529;2019-T2;Buenos Aires;16,33;49,88;2994702;266943;14902;71978;3348525
530;2019-T2;CABA;37,11;89,03;1322606;117895;6581;31789;1478871
531;2019-T2;Catamarca;8,52;33,51;27826;2480;138;669;31113
532;2019-T2;Chaco;7,69;28,78;77742;6930;387;1869;86928
533;2019-T2;Chubut;14,17;46,22;73142;6520;364;1758;81784
534;2019-T2;Córdoba;17,33;56,6;540558;48184;2690;12992;604424
535;2019-T2;Corrientes;8,42;31,96;80463;7172;400;1934;89969
536;2019-T2;Entre Ríos;14,59;48,8;171277;15267;852;4117;191513
537;2019-T2;Formosa;6,13;24,09;31587;2816;157;759;35319
538;2019-T2;Jujuy;6,73;26,31;44234;3943;220;1063;49460
539;2019-T2;La Pampa;18,19;55,2;63795;5687;317;1533;71332
540;2019-T2;La Rioja;8,14;30,56;25354;2260;126;609;28349
541;2019-T2;Mendoza;11,82;42,35;195556;17432;973;4700;218661
542;2019-T2;Misiones;7,97;29,27;83847;7474;417;2015;93753
543;2019-T2;Neuquén;12,48;41,94;70620;6295;351;1697;78963
544;2019-T2;Río Negro;13,14;42,71;81486;7263;405;1959;91113
545;2019-T2;Salta;8,52;35,18;99158;8839;493;2383;110873
546;2019-T2;San Juan;10,89;42,75;72016;6419;358;1731;80524
547;2019-T2;San Luis;6,68;23,33;33801;3013;168;812;37794
548;2019-T2;Santa Cruz;9,27;31,14;27196;2424;135;654;30409
549;2019-T2;Santa Fe;19,14;60,87;575111;51264;2862;13823;643060
550;2019-T2;Santiago del Estero;7,39;29,77;61178;5453;304;1470;68405
551;2019-T2;Tierra del Fuego;14,36;48,44;21717;1936;108;522;24283
552;2019-T2;Tucumán;12,05;48,63;167590;14939;834;4028;187391
553;2019-T3;Buenos Aires;19,63;59,81;3058655;268169;14853;73255;3414932
554;2019-T3;CABA;48,73;117,04;1341174;117588;6513;32121;1497396
555;2019-T3;Catamarca;7,92;31,15;29267;2566;142;701;32676
556;2019-T3;Chaco;7,39;27,65;79060;6932;384;1893;88269
557;2019-T3;Chubut;13,75;44,84;75153;6589;365;1800;83907
558;2019-T3;Córdoba;16,42;53,64;548479;48088;2663;13136;612366
559;2019-T3;Corrientes;8,19;31,11;81648;7159;396;1955;91158
560;2019-T3;Entre Ríos;14,12;47,24;173987;15254;845;4167;194253
561;2019-T3;Formosa;5,98;23,51;32214;2824;156;772;35966
562;2019-T3;Jujuy;6,56;25,66;44885;3935;218;1075;50113
563;2019-T3;La Pampa;17,92;54,38;57121;5008;277;1368;63774
564;2019-T3;La Rioja;7,59;28,52;26464;2320;129;634;29547
565;2019-T3;Mendoza;11,44;40,98;202124;17721;982;4841;225668
566;2019-T3;Misiones;7,67;28,16;85864;7528;417;2056;95865
567;2019-T3;Neuquén;12,23;41,09;71967;6310;349;1724;80350
568;2019-T3;Río Negro;12,74;41,41;84378;7398;410;2021;94207
569;2019-T3;Salta;8,07;33,31;101844;8929;495;2439;113707
570;2019-T3;San Juan;10,65;41,81;73858;6476;359;1769;82462
571;2019-T3;San Luis;7,81;27,28;35177;3084;171;842;39274
572;2019-T3;Santa Cruz;8,94;30,05;28682;2515;139;687;32023
573;2019-T3;Santa Fe;18,44;58,65;580363;50884;2818;13900;647965
574;2019-T3;Santiago del Estero;7,15;28,82;62133;5448;302;1488;69371
575;2019-T3;Tierra del Fuego;14,8;49,92;22521;1974;109;539;25143
576;2019-T3;Tucumán;11,46;46,26;172235;15101;836;4125;192297
577;2019-T4;Buenos Aires;19,21;58,41;2994702;266943;14902;71978;3348525
578;2019-T4;CABA;48,12;115,69;1322606;117895;6581;31789;1478871
579;2019-T4;Catamarca;7,53;29,59;27826;2480;138;669;31113
580;2019-T4;Chaco;7,26;27,16;77742;6930;387;1869;86928
581;2019-T4;Chubut;13,34;43,53;73142;6520;364;1758;81784
582;2019-T4;Córdoba;15,96;52,13;540558;48184;2690;12992;604424
583;2019-T4;Corrientes;8,07;30,64;80463;7172;400;1934;89969
584;2019-T4;Entre Ríos;13,89;46,46;171277;15267;852;4117;191513
585;2019-T4;Formosa;5,86;23,04;31587;2816;157;759;35319
586;2019-T4;Jujuy;6,46;25,25;44234;3943;220;1063;49460
587;2019-T4;La Pampa;20;60,7;63795;5687;317;1533;71332
588;2019-T4;La Rioja;7,26;27,27;25354;2260;126;609;28349
589;2019-T4;Mendoza;11,05;39,6;195556;17432;973;4700;218661
590;2019-T4;Misiones;7,48;27,47;83847;7474;417;2015;93753
591;2019-T4;Neuquén;11,98;40,25;70620;6295;351;1697;78963
592;2019-T4;Río Negro;12,28;39,92;81486;7263;405;1959;91113
593;2019-T4;Salta;7,84;32,38;99158;8839;493;2383;110873
594;2019-T4;San Juan;10,37;40,72;72016;6419;358;1731;80524
595;2019-T4;San Luis;7,49;26,17;33801;3013;168;812;37794
596;2019-T4;Santa Cruz;8,44;28,36;27196;2424;135;654;30409
597;2019-T4;Santa Fe;18,25;58,05;575111;51264;2862;13823;643060
598;2019-T4;Santiago del Estero;7,03;28,34;61178;5453;304;1470;68405
599;2019-T4;Tierra del Fuego;14,2;47,91;21717;1936;108;522;24283
600;2019-T4;Tucumán;11,13;44,95;167590;14939;834;4028;187391
601;2018-T1;Buenos Aires;25,89;79,97;3897738;326697;17191;196135;4437761
602;2018-T1;CABA;56,48;134,65;1521319;127512;6710;76553;1732094
603;2018-T1;Catamarca;9,43;37,07;33705;2825;149;1696;38375
604;2018-T1;Chaco;8,42;31,5;86985;7291;384;4377;99037
605;2018-T1;Chubut;19,16;62,5;100108;8391;442;5037;113978
606;2018-T1;Córdoba;18,85;61,55;607654;50932;2680;30577;691843
607;2018-T1;Corrientes;9,07;34,44;87448;7330;386;4400;99564
608;2018-T1;Entre Ríos;15,9;53,19;189431;15877;835;9532;215675
609;2018-T1;Formosa;6,76;26,56;35230;2953;155;1773;40111
610;2018-T1;Jujuy;7,23;28,27;47696;3998;210;2400;54304
611;2018-T1;La Pampa;21,42;65,02;66109;5541;292;3327;75269
612;2018-T1;La Rioja;9,43;35,43;31602;2649;139;1590;35980
613;2018-T1;Mendoza;18,56;66,49;316562;26533;1396;15929;360420
614;2018-T1;Misiones;8,42;30,9;90815;7612;401;4570;103398
615;2018-T1;Neuquén;15,1;50,72;85386;7157;377;4297;97217
616;2018-T1;Río Negro;19,28;62,69;122826;10295;542;6181;139844
617;2018-T1;Salta;9,7;40,03;117720;9867;519;5924;134030
618;2018-T1;San Juan;15,12;59,37;101175;8480;446;5091;115192
619;2018-T1;San Luis;8,98;31,38;38933;3263;172;1959;44327
620;2018-T1;Santa Cruz;12,83;43,11;38827;3254;171;1954;44206
621;2018-T1;Santa Fe;19,84;63,11;605181;50724;2669;30453;689027
622;2018-T1;Santiago del Estero;5,98;24,11;50188;4207;221;2525;57141
623;2018-T1;Tierra del Fuego;20,41;68,83;29311;2457;129;1475;33372
624;2018-T1;Tucumán;13,03;52,62;188622;15810;832;9491;214755
625;2018-T2;Buenos Aires;26,06;80,31;3986269;328629;17754;145255;4477907
626;2018-T2;CABA;56,81;135,61;1551477;127904;6910;56534;1742825
627;2018-T2;Catamarca;9,36;36,78;33970;2800;151;1238;38159
628;2018-T2;Chaco;8,31;31,08;87214;7190;388;3178;97970
629;2018-T2;Chubut;19,58;63,88;104159;8587;464;3795;117005
630;2018-T2;Córdoba;18,58;60,68;608719;50183;2711;22181;683794
631;2018-T2;Corrientes;9;34,17;88131;7266;393;3211;99001
632;2018-T2;Entre Ríos;15,72;52,57;190211;15681;847;6931;213670
633;2018-T2;Formosa;6,68;26,25;35377;2917;158;1289;39741
634;2018-T2;Jujuy;7,12;27,85;47752;3937;213;1740;53642
635;2018-T2;La Pampa;21,5;65,25;67392;5556;300;2456;75704
636;2018-T2;La Rioja;9,19;34,51;31309;2581;139;1141;35170
637;2018-T2;Mendoza;18,51;66,32;320879;26453;1429;11692;360453
638;2018-T2;Misiones;8,77;32,21;96226;7933;429;3506;108094
639;2018-T2;Neuquén;15,04;50,51;86482;7130;385;3151;97148
640;2018-T2;Río Negro;19,21;62,45;124413;10257;554;4533;139757
641;2018-T2;Salta;9,51;39,27;117452;9683;523;4280;131938
642;2018-T2;San Juan;15,08;59,21;102544;8454;457;3737;115192
643;2018-T2;San Luis;8,95;31,28;39459;3253;176;1438;44326
644;2018-T2;Santa Cruz;12,76;42,88;39399;3248;175;1436;44258
645;2018-T2;Santa Fe;19,7;62,64;610100;50297;2717;22231;685345
646;2018-T2;Santiago del Estero;5,77;23,23;49146;4052;219;1791;55208
647;2018-T2;Tierra del Fuego;20,28;68,38;29708;2449;132;1083;33372
648;2018-T2;Tucumán;12,97;52,34;190770;15727;850;6951;214298
649;2018-T3;Buenos Aires;26,08;80,19;4011556;328786;17993;134357;4492692
650;2018-T3;CABA;57,86;138,28;1585386;129938;7111;53099;1775534
651;2018-T3;Catamarca;9,27;36,43;33820;2772;152;1133;37877
652;2018-T3;Chaco;7,75;28,99;81816;6706;367;2740;91629
653;2018-T3;Chubut;19,49;63,59;104453;8561;469;3498;116981
654;2018-T3;Córdoba;18,28;59,71;602402;49373;2702;20176;674653
655;2018-T3;Corrientes;8,6;32,65;84656;6938;380;2835;94809
656;2018-T3;Entre Ríos;14,69;49,14;178759;14651;802;5987;200199
657;2018-T3;Formosa;6,61;25,98;35185;2884;158;1178;39405
658;2018-T3;Jujuy;7,02;27,47;47376;3883;212;1587;53058
659;2018-T3;La Pampa;21,45;65,11;67601;5540;303;2264;75708
660;2018-T3;La Rioja;9;33,79;30853;2529;138;1033;34553
661;2018-T3;Mendoza;18,46;66,15;321856;26379;1444;10780;360459
662;2018-T3;Misiones;8,41;30,87;92768;7603;416;3107;103894
663;2018-T3;Neuquén;14,98;50,34;86731;7109;389;2905;97134
664;2018-T3;Río Negro;19,14;62,22;124750;10225;560;4178;139713
665;2018-T3;Salta;9,31;38,45;115710;9483;519;3875;129587
666;2018-T3;San Juan;15,04;59,04;102856;8430;461;3445;115192
667;2018-T3;San Luis;8,92;31,17;39561;3242;177;1325;44305
668;2018-T3;Santa Cruz;12,66;42,55;39464;3235;177;1322;44198
669;2018-T3;Santa Fe;19,29;61,36;600589;49224;2694;20115;672622
670;2018-T3;Santiago del Estero;5,59;22,53;47920;3927;215;1605;53667
671;2018-T3;Tierra del Fuego;20,15;67,95;29798;2442;134;998;33372
672;2018-T3;Tucumán;12,89;52,05;190856;15643;856;6392;213747
673;2018-T4;Buenos Aires;26,4;80,98;4074597;332712;18514;132722;4558545
674;2018-T4;CABA;57,12;136,67;1567223;127972;7121;51049;1753365
675;2018-T4;Catamarca;9,02;35,48;33046;2698;150;1076;36970
676;2018-T4;Chaco;8,08;30,22;85588;6989;389;2788;95754
677;2018-T4;Chubut;19,5;63,61;105044;8577;477;3422;117520
678;2018-T4;Córdoba;18,14;59,23;599782;48975;2725;19537;671019
679;2018-T4;Corrientes;8,77;33,3;86631;7074;394;2822;96921
680;2018-T4;Entre Ríos;15,19;50,79;185388;15138;842;6039;207407
681;2018-T4;Formosa;6,48;25,46;34596;2825;157;1127;38705
682;2018-T4;Jujuy;6,92;27,07;46865;3827;213;1527;52432
683;2018-T4;La Pampa;21,62;65,62;68342;5581;311;2226;76460
684;2018-T4;La Rioja;8,79;33,01;30268;2472;138;986;33864
685;2018-T4;Mendoza;18,42;66,01;322404;26326;1465;10502;360697
686;2018-T4;Misiones;8,41;30,89;93179;7609;423;3035;104246
687;2018-T4;Neuquén;16,78;56,38;97577;7968;443;3178;109166
688;2018-T4;Río Negro;19,07;62,01;124863;10196;567;4067;139693
689;2018-T4;Salta;9,05;37,35;112888;9218;513;3677;126296
690;2018-T4;San Juan;15,01;58,92;103021;8412;468;3356;115257
691;2018-T4;San Luis;10,4;36,34;46328;3783;210;1509;51830
692;2018-T4;Santa Cruz;12,6;42,35;39576;3232;180;1289;44277
693;2018-T4;Santa Fe;19,97;63,51;623546;50916;2833;20311;697606
694;2018-T4;Santiago del Estero;7,71;31,05;66295;5413;301;2159;74168
695;2018-T4;Tierra del Fuego;20,02;67,52;29828;2436;136;972;33372
696;2018-T4;Tucumán;12,65;51,07;188016;15352;854;6124;210346
697;2017-T1;Buenos Aires;29,04;91,2;4259081;343205;18007;252249;4872542
698;2017-T1;CABA;52,62;123,37;1406249;113318;5946;83287;1608800
699;2017-T1;Catamarca;9,68;38,05;33797;2723;143;2002;38665
700;2017-T1;Chaco;8,86;33,16;89226;7190;377;5284;102077
701;2017-T1;Chubut;21,36;69,67;107157;8635;453;6347;122592
702;2017-T1;Córdoba;19,56;63,87;614267;49499;2597;36381;702744
703;2017-T1;Corrientes;9,47;35,97;89201;7188;377;5283;102049
704;2017-T1;Entre Ríos;16,77;56,1;195034;15716;825;11551;223126
705;2017-T1;Formosa;7,06;27,73;35959;2898;152;2130;41139
706;2017-T1;Jujuy;7,69;30,07;49314;3974;209;2921;56418
707;2017-T1;La Pampa;24,15;73,3;72868;5872;308;4316;83364
708;2017-T1;La Rioja;10,18;38,23;33015;2660;140;1955;37770
709;2017-T1;Mendoza;20,06;71,88;333135;26845;1408;19730;381118
710;2017-T1;Misiones;9,6;35,26;100687;8113;426;5963;115189
711;2017-T1;Neuquén;16,27;54,66;89023;7174;376;5273;101846
712;2017-T1;Río Negro;20,64;67,09;127267;10255;538;7538;145598
713;2017-T1;Salta;10,35;42,75;121802;9815;515;7214;139346
714;2017-T1;San Juan;15,32;60,16;99745;8038;422;5908;114113
715;2017-T1;San Luis;11,19;39,11;47024;3789;199;2785;53797
716;2017-T1;Santa Cruz;14,47;48,61;41286;3327;175;2445;47233
717;2017-T1;Santa Fe;21,72;69,06;648454;52254;2742;38406;741856
718;2017-T1;Santiago del Estero;6,9;27,79;56363;4542;238;3338;64481
719;2017-T1;Tierra del Fuego;25,11;84,69;34047;2744;144;2017;38952
720;2017-T1;Tucumán;13,17;53,16;184925;14902;782;10952;211561
721;2017-T2;Buenos Aires;29,22;91,58;4280149;359598;18042;258319;4916108
722;2017-T2;CABA;51,66;121,27;1375781;115587;5799;83032;1580199
723;2017-T2;Catamarca;9,63;37,85;33564;2820;141;2026;38551
724;2017-T2;Chaco;8,92;33,37;89678;7534;378;5412;103002
725;2017-T2;Chubut;20;65,24;100403;8435;423;6060;115321
726;2017-T2;Córdoba;19,52;63,75;612339;51446;2581;36956;703322
727;2017-T2;Corrientes;9,49;36,03;89192;7493;376;5383;102444
728;2017-T2;Entre Ríos;16,88;56,44;195908;16459;826;11824;225017
729;2017-T2;Formosa;6,97;27,4;35472;2980;150;2141;40743
730;2017-T2;Jujuy;7,66;29,96;49087;4124;207;2963;56381
731;2017-T2;La Pampa;23,69;71,89;71338;5994;301;4306;81939
732;2017-T2;La Rioja;10,17;38,19;32970;2770;139;1990;37869
733;2017-T2;Mendoza;19,42;69,6;322197;27070;1358;19446;370071
734;2017-T2;Misiones;9,19;33,73;96234;8085;406;5808;110533
735;2017-T2;Neuquén;15,75;52,92;86155;7238;363;5200;98956
736;2017-T2;Río Negro;19,92;64,77;122805;10318;518;7412;141053
737;2017-T2;Salta;10,31;42,56;121199;10183;511;7315;139208
738;2017-T2;San Juan;14,37;56,4;93418;7849;394;5638;107299
739;2017-T2;San Luis;11,03;38,53;46299;3890;195;2794;53178
740;2017-T2;Santa Cruz;13,46;45,23;38530;3237;162;2325;44254
741;2017-T2;Santa Fe;21,67;68,91;645875;54264;2723;38981;741843
742;2017-T2;Santiago del Estero;7,04;28,38;57484;4829;242;3469;66024
743;2017-T2;Tierra del Fuego;24,32;82,01;33064;2778;139;1995;37976
744;2017-T2;Tucumán;13,04;52,65;183031;15378;772;11047;210228
745;2017-T3;Buenos Aires;28,33;88,63;4166450;341904;17491;254342;4780187
746;2017-T3;CABA;52,45;123,09;1398978;114802;5873;85401;1605054
747;2017-T3;Catamarca;9,68;38,05;33853;2778;142;2067;38840
748;2017-T3;Chaco;8,88;33,23;89623;7354;376;5471;102824
749;2017-T3;Chubut;20,41;66,58;103046;8456;433;6290;118225
750;2017-T3;Córdoba;19,5;63,68;613989;50385;2578;37481;704433
751;2017-T3;Corrientes;9,48;35,98;89391;7335;375;5457;102558
752;2017-T3;Entre Ríos;16,81;56,22;195853;16072;822;11956;224703
753;2017-T3;Formosa;7,04;27,67;35939;2949;151;2194;41233
754;2017-T3;Jujuy;7,67;29,98;49316;4047;207;3011;56581
755;2017-T3;La Pampa;23,88;72,49;72178;5923;303;4406;82810
756;2017-T3;La Rioja;10,17;38,21;33133;2719;139;2023;38014
757;2017-T3;Mendoza;19,77;70,85;329297;27022;1382;20102;377803
758;2017-T3;Misiones;9,17;33,68;96478;7917;405;5890;110690
759;2017-T3;Neuquén;16,14;54,22;88687;7278;372;5414;101751
760;2017-T3;Río Negro;20,25;65,84;125414;10292;526;7656;143888
761;2017-T3;Salta;10,31;42,57;121784;9994;511;7434;139723
762;2017-T3;San Juan;15,01;58,92;97968;8039;411;5980;112398
763;2017-T3;San Luis;11,12;38,84;46886;3848;197;2862;53793
764;2017-T3;Santa Cruz;13,51;45,4;38985;3199;164;2380;44728
765;2017-T3;Santa Fe;21,57;68,6;644988;52929;2708;39374;739999
766;2017-T3;Santiago del Estero;6,97;28,1;57126;4688;240;3487;65541
767;2017-T3;Tierra del Fuego;24,69;83,27;33832;2776;142;2065;38815
768;2017-T3;Tucumán;13,08;52,81;184386;15131;774;11256;211547
769;2017-T4;Buenos Aires;28,86;90,08;4268288;343324;18011;252240;4881863
770;2017-T4;CABA;52,87;125,25;1414870;113807;5970;83613;1618260
771;2017-T4;Catamarca;9,61;37,79;33805;2719;143;1998;38665
772;2017-T4;Chaco;8,79;32,9;89247;7179;377;5274;102077
773;2017-T4;Chubut;21,07;68,73;107185;8621;452;6334;122592
774;2017-T4;Córdoba;19,44;63,5;615786;49531;2598;36391;704306
775;2017-T4;Corrientes;9,41;35,72;89223;7177;376;5273;102049
776;2017-T4;Entre Ríos;16,65;55,69;195082;15692;823;11529;223126
777;2017-T4;Formosa;7,01;27,54;35968;2893;152;2126;41139
778;2017-T4;Jujuy;7,62;29,81;49327;3968;208;2915;56418
779;2017-T4;La Pampa;23,99;72,81;72886;5863;308;4307;83364
780;2017-T4;La Rioja;10,07;37,83;33023;2656;139;1952;37770
781;2017-T4;Mendoza;19,89;71,28;333217;26803;1406;19692;381118
782;2017-T4;Misiones;9,52;34,94;100711;8101;425;5952;115189
783;2017-T4;Neuquén;16,1;54,08;89046;7162;376;5262;101846
784;2017-T4;Río Negro;20,42;66,39;127299;10239;537;7523;145598
785;2017-T4;Salta;10,25;42,32;121832;9800;514;7200;139346
786;2017-T4;San Juan;15,19;59,65;99771;8025;421;5896;114113
787;2017-T4;San Luis;11,08;38,72;47036;3783;198;2780;53797
788;2017-T4;Santa Cruz;14,17;47,62;41297;3322;174;2440;47233
789;2017-T4;Santa Fe;21,61;68,73;649567;52249;2741;38387;742944
790;2017-T4;Santiago del Estero;6,84;27,57;56376;4535;238;3332;64481
791;2017-T4;Tierra del Fuego;24,61;83,01;34056;2739;144;2013;38952
792;2017-T4;Tucumán;13,04;52,65;184971;14878;781;10931;211561
793;2016-T1;Buenos Aires;29,04;91,2;4259081;343205;18007;252249;4872542
794;2016-T1;CABA;52,62;123,37;1406249;113318;5946;83287;1608800
795;2016-T1;Catamarca;9,68;38,05;33797;2723;143;2002;38665
796;2016-T1;Chaco;8,86;33,16;89226;7190;377;5284;102077
797;2016-T1;Chubut;21,36;69,67;107157;8635;453;6347;122592
798;2016-T1;Córdoba;19,56;63,87;614267;49499;2597;36381;702744
799;2016-T1;Corrientes;9,47;35,97;89201;7188;377;5283;102049
800;2016-T1;Entre Ríos;16,77;56,1;195034;15716;825;11551;223126
801;2016-T1;Formosa;7,06;27,73;35959;2898;152;2130;41139
802;2016-T1;Jujuy;7,69;30,07;49314;3974;209;2921;56418
803;2016-T1;La Pampa;24,15;73,3;72868;5872;308;4316;83364
804;2016-T1;La Rioja;10,18;38,23;33015;2660;140;1955;37770
805;2016-T1;Mendoza;20,06;71,88;333135;26845;1408;19730;381118
806;2016-T1;Misiones;9,6;35,26;100687;8113;426;5963;115189
807;2016-T1;Neuquén;16,27;54,66;89023;7174;376;5273;101846
808;2016-T1;Río Negro;20,64;67,09;127267;10255;538;7538;145598
809;2016-T1;Salta;10,35;42,75;121802;9815;515;7214;139346
810;2016-T1;San Juan;15,32;60,16;99745;8038;422;5908;114113
811;2016-T1;San Luis;11,19;39,11;47024;3789;199;2785;53797
812;2016-T1;Santa Cruz;14,47;48,61;41286;3327;175;2445;47233
813;2016-T1;Santa Fe;21,72;69,06;648454;52254;2742;38406;741856
814;2016-T1;Santiago del Estero;6,9;27,79;56363;4542;238;3338;64481
815;2016-T1;Tierra del Fuego;25,11;84,69;34047;2744;144;2017;38952
816;2016-T1;Tucumán;13,17;53,16;184925;14902;782;10952;211561
817;2016-T2;Buenos Aires;29,22;91,58;4280149;359598;18042;258319;4916108
818;2016-T2;CABA;51,66;121,27;1375781;115587;5799;83032;1580199
819;2016-T2;Catamarca;9,63;37,85;33564;2820;141;2026;38551
820;2016-T2;Chaco;8,92;33,37;89678;7534;378;5412;103002
821;2016-T2;Chubut;20;65,24;100403;8435;423;6060;115321
822;2016-T2;Córdoba;19,52;63,75;612339;51446;2581;36956;703322
823;2016-T2;Corrientes;9,49;36,03;89192;7493;376;5383;102444
824;2016-T2;Entre Ríos;16,88;56,44;195908;16459;826;11824;225017
825;2016-T2;Formosa;6,97;27,4;35472;2980;150;2141;40743
826;2016-T2;Jujuy;7,66;29,96;49087;4124;207;2963;56381
827;2016-T2;La Pampa;23,69;71,89;71338;5994;301;4306;81939
828;2016-T2;La Rioja;10,17;38,19;32970;2770;139;1990;37869
829;2016-T2;Mendoza;19,42;69,6;322197;27070;1358;19446;370071
830;2016-T2;Misiones;9,19;33,73;96234;8085;406;5808;110533
831;2016-T2;Neuquén;15,75;52,92;86155;7238;363;5200;98956
832;2016-T2;Río Negro;19,92;64,77;122805;10318;518;7412;141053
833;2016-T2;Salta;10,31;42,56;121199;10183;511;7315;139208
834;2016-T2;San Juan;14,37;56,4;93418;7849;394;5638;107299
835;2016-T2;San Luis;11,03;38,53;46299;3890;195;2794;53178
836;2016-T2;Santa Cruz;13,46;45,23;38530;3237;162;2325;44254
837;2016-T2;Santa Fe;21,67;68,91;645875;54264;2723;38981;741843
838;2016-T2;Santiago del Estero;7,04;28,38;57484;4829;242;3469;66024
839;2016-T2;Tierra del Fuego;24,32;82,01;33064;2778;139;1995;37976
840;2016-T2;Tucumán;13,04;52,65;183031;15378;772;11047;210228
841;2016-T3;Buenos Aires;28,33;88,63;4166450;341904;17491;254342;4780187
842;2016-T3;CABA;52,45;123,09;1398978;114802;5873;85401;1605054
843;2016-T3;Catamarca;9,68;38,05;33853;2778;142;2067;38840
844;2016-T3;Chaco;8,88;33,23;89623;7354;376;5471;102824
845;2016-T3;Chubut;20,41;66,58;103046;8456;433;6290;118225
846;2016-T3;Córdoba;19,5;63,68;613989;50385;2578;37481;704433
847;2016-T3;Corrientes;9,48;35,98;89391;7335;375;5457;102558
848;2016-T3;Entre Ríos;16,81;56,22;195853;16072;822;11956;224703
849;2016-T3;Formosa;7,04;27,67;35939;2949;151;2194;41233
850;2016-T3;Jujuy;7,67;29,98;49316;4047;207;3011;56581
851;2016-T3;La Pampa;23,88;72,49;72178;5923;303;4406;82810
852;2016-T3;La Rioja;10,17;38,21;33133;2719;139;2023;38014
853;2016-T3;Mendoza;19,77;70,85;329297;27022;1382;20102;377803
854;2016-T3;Misiones;9,17;33,68;96478;7917;405;5890;110690
855;2016-T3;Neuquén;16,14;54,22;88687;7278;372;5414;101751
856;2016-T3;Río Negro;20,25;65,84;125414;10292;526;7656;143888
857;2016-T3;Salta;10,31;42,57;121784;9994;511;7434;139723
858;2016-T3;San Juan;15,01;58,92;97968;8039;411;5980;112398
859;2016-T3;San Luis;11,12;38,84;46886;3848;197;2862;53793
860;2016-T3;Santa Cruz;13,51;45,4;38985;3199;164;2380;44728
861;2016-T3;Santa Fe;21,57;68,6;644988;52929;2708;39374;739999
862;2016-T3;Santiago del Estero;6,97;28,1;57126;4688;240;3487;65541
863;2016-T3;Tierra del Fuego;24,69;83,27;33832;2776;142;2065;38815
864;2016-T3;Tucumán;13,08;52,81;184386;15131;774;11256;211547
865;2016-T4;Buenos Aires;28,86;90,08;4268288;343324;18011;252240;4881863
866;2016-T4;CABA;52,87;125,25;1414870;113807;5970;83613;1618260
867;2016-T4;Catamarca;9,61;37,79;33805;2719;143;1998;38665
868;2016-T4;Chaco;8,79;32,9;89247;7179;377;5274;102077
869;2016-T4;Chubut;21,07;68,73;107185;8621;452;6334;122592
870;2016-T4;Córdoba;19,44;63,5;615786;49531;2598;36391;704306
871;2016-T4;Corrientes;9,41;35,72;89223;7177;376;5273;102049
872;2016-T4;Entre Ríos;16,65;55,69;195082;15692;823;11529;223126
873;2016-T4;Formosa;7,01;27,54;35968;2893;152;2126;41139
874;2016-T4;Jujuy;7,62;29,81;49327;3968;208;2915;56418
875;2016-T4;La Pampa;23,99;72,81;72886;5863;308;4307;83364
876;2016-T4;La Rioja;10,07;37,83;33023;2656;139;1952;37770
877;2016-T4;Mendoza;19,89;71,28;333217;26803;1406;19692;381118
878;2016-T4;Misiones;9,52;34,94;100711;8101;425;5952;115189
879;2016-T4;Neuquén;16,1;54,08;89046;7162;376;5262;101846
880;2016-T4;Río Negro;20,42;66,39;127299;10239;537;7523;145598
881;2016-T4;Salta;10,25;42,32;121832;9800;514;7200;139346
882;2016-T4;San Juan;15,19;59,65;99771;8025;421;5896;114113
883;2016-T4;San Luis;11,08;38,72;47036;3783;198;2780;53797
884;2016-T4;Santa Cruz;14,17;47,62;41297;3322;174;2440;47233
885;2016-T4;Santa Fe;21,61;68,73;649567;52249;2741;38387;742944
886;2016-T4;Santiago del Estero;6,84;27,57;56376;4535;238;3332;64481
887;2016-T4;Tierra del Fuego;24,61;83,01;34056;2739;144;2013;38952
888;2016-T4;Tucumán;13,04;52,65;184971;14878;781;10931;211561
889;2015-T1;Buenos Aires;28,93;91,61;3979224;540095;17562;265115;4801996
890;2015-T1;CABA;53,53;128,08;1354140;183795;5976;90219;1634130
891;2015-T1;Catamarca;9,89;38,89;32436;4402;143;2161;39142
892;2015-T1;Chaco;9,15;34,24;86388;11725;381;5756;104250
893;2015-T1;Chubut;18,51;60,38;86414;11729;381;5757;104281
894;2015-T1;Córdoba;20,51;66,99;604164;82002;2666;40252;729084
895;2015-T1;Corrientes;10,17;38,63;89938;12207;397;5992;108534
896;2015-T1;Entre Ríos;17,45;58,36;190458;25851;841;12689;229839
897;2015-T1;Formosa;7,25;28,48;34683;4707;153;2311;41854
898;2015-T1;Jujuy;7,79;30,45;46775;6349;206;3116;56446
899;2015-T1;La Pampa;22,47;68,21;63693;8645;281;4243;76862
900;2015-T1;La Rioja;10,63;39,92;32237;4375;142;2148;38902
901;2015-T1;Mendoza;18,05;64,69;280993;38139;1240;18721;339093
902;2015-T1;Misiones;9,33;34,25;91589;12431;404;6102;110526
903;2015-T1;Neuquén;15,58;52,35;79633;10809;351;5306;96099
904;2015-T1;Río Negro;18,31;59,52;105523;14323;466;7031;127343
905;2015-T1;Salta;10,62;43,84;116796;15853;515;7782;140946
906;2015-T1;San Juan;13,36;52,44;81490;11061;360;5429;98340
907;2015-T1;San Luis;10,97;38,34;43123;5853;190;2873;52039
908;2015-T1;Santa Cruz;18,17;61,05;47801;6488;211;3185;57685
909;2015-T1;Santa Fe;22,62;71,94;635174;86211;2803;42318;766506
910;2015-T1;Santiago del Estero;7,58;30,54;58091;7884;256;3870;70101
911;2015-T1;Tierra del Fuego;22,15;74,68;27697;3759;122;1845;33423
912;2015-T1;Tucumán;13,38;54,02;175896;23874;776;11719;212265
913;2015-T2;Buenos Aires;28,03;88,59;3872029;515120;16074;262733;4665956
914;2015-T2;CABA;54,18;128,99;1373106;182673;5700;93171;1654650
915;2015-T2;Catamarca;9,87;38,8;32481;4321;135;2204;39141
916;2015-T2;Chaco;9,13;34,15;86506;11508;359;5870;104243
917;2015-T2;Chubut;19,01;62,01;89302;11880;371;6059;107612
918;2015-T2;Córdoba;20,32;66,35;600954;79949;2495;40777;724175
919;2015-T2;Corrientes;10,15;38,54;90063;11982;374;6111;108530
920;2015-T2;Entre Ríos;17,41;58,21;190718;25372;792;12941;229823
921;2015-T2;Formosa;7,23;28,4;34728;4620;144;2356;41848
922;2015-T2;Jujuy;7,76;30,36;46840;6231;194;3178;56443
923;2015-T2;La Pampa;22,79;69,15;64816;8623;269;4398;78106
924;2015-T2;La Rioja;10,59;39,78;32283;4295;134;2191;38903
925;2015-T2;Mendoza;18,6;66,63;290717;38676;1207;19726;350326
926;2015-T2;Misiones;9,3;34,15;91719;12202;381;6224;110526
927;2015-T2;Neuquén;15,79;53,02;81082;10787;337;5502;97708
928;2015-T2;Río Negro;18,83;61,2;109062;14509;453;7400;131424
929;2015-T2;Salta;10,58;43,69;116971;15561;486;7937;140955
930;2015-T2;San Juan;13,65;53,58;83628;11126;347;5674;100775
931;2015-T2;San Luis;11,11;38,81;43866;5836;182;2976;52860
932;2015-T2;Santa Cruz;18,42;61,89;48876;6502;203;3316;58897
933;2015-T2;Santa Fe;22,52;71,61;634414;84400;2634;43048;764496
934;2015-T2;Santiago del Estero;7,56;30,46;58175;7739;241;3947;70102
935;2015-T2;Tierra del Fuego;22,5;75,85;28369;3774;118;1925;34186
936;2015-T2;Tucumán;13,34;53,83;176078;23425;731;11948;212182
937;2015-T3;Buenos Aires;28,24;89,06;3922463;513849;16521;260299;4713132
938;2015-T3;CABA;53,27;126,17;1354386;177427;5704;89878;1627395
939;2015-T3;Catamarca;9,87;38,81;32660;4278;138;2167;39243
940;2015-T3;Chaco;9,36;35,02;89225;11689;376;5921;107211
941;2015-T3;Chubut;19,36;63,15;91630;12004;386;6081;110101
942;2015-T3;Córdoba;20,36;66,5;605673;79344;2551;40193;727761
943;2015-T3;Corrientes;10,34;39,25;92219;12081;388;6120;110808
944;2015-T3;Entre Ríos;17,77;59,44;195778;25647;825;12992;235242
945;2015-T3;Formosa;7,21;28,31;34789;4558;147;2309;41803
946;2015-T3;Jujuy;7,79;30,45;47261;6191;199;3136;56787
947;2015-T3;La Pampa;22,89;69,47;65456;8575;276;4344;78651
948;2015-T3;La Rioja;10,49;39,39;32167;4214;135;2135;38651
949;2015-T3;Mendoza;18,97;67,97;298253;39072;1256;19792;358373
950;2015-T3;Misiones;9,5;34,87;94219;12343;397;6252;113211
951;2015-T3;Neuquén;15,9;53,41;82212;10770;346;5456;98784
952;2015-T3;Río Negro;19,11;62,12;111399;14594;469;7393;133855
953;2015-T3;Salta;10,56;43,59;117433;15384;495;7793;141105
954;2015-T3;San Juan;13,95;54,77;85976;11263;362;5705;103306
955;2015-T3;San Luis;11,12;38,84;44166;5786;186;2931;53069
956;2015-T3;Santa Cruz;18,64;62,62;49939;6542;210;3314;60005
957;2015-T3;Santa Fe;22,54;71,68;638212;83607;2688;42352;766859
958;2015-T3;Santiago del Estero;7,44;29,97;57562;7541;242;3820;69165
959;2015-T3;Tierra del Fuego;22,97;77,47;29256;3832;123;1941;35152
960;2015-T3;Tucumán;13,37;53,98;177668;23275;748;11790;213481
961;2015-T4;Buenos Aires;28,17;88,65;3960199;474122;16615;262952;4713888
962;2015-T4;CABA;51,45;121,24;1321012;158154;5542;87713;1572421
963;2015-T4;Catamarca;9,85;38,74;32990;3950;138;2190;39268
964;2015-T4;Chaco;9;33,67;86836;10396;364;5766;103362
965;2015-T4;Chubut;19,43;63,37;93247;11164;391;6192;110994
966;2015-T4;Córdoba;20,13;65,75;606084;72561;2543;40243;721431
967;2015-T4;Corrientes;10,01;38,03;90409;10824;379;6003;107615
968;2015-T4;Entre Ríos;17,24;57,67;192202;23011;806;12762;228781
969;2015-T4;Formosa;7,15;28,08;34920;4181;147;2319;41567
970;2015-T4;Jujuy;7,79;30,45;47850;5729;201;3177;56957
971;2015-T4;La Pampa;23,15;70,27;66987;8020;281;4448;79736
972;2015-T4;La Rioja;10,43;39,17;32406;3880;136;2152;38574
973;2015-T4;Mendoza;19,06;68,31;303416;36325;1273;20146;361160
974;2015-T4;Misiones;9,35;34,31;93868;11238;394;6233;111733
975;2015-T4;Neuquén;17,37;58,34;90986;10893;382;6041;108302
976;2015-T4;Río Negro;19,22;62,47;113495;13588;476;7536;135095
977;2015-T4;Salta;10,52;43,45;118566;14195;497;7873;141131
978;2015-T4;San Juan;14,06;55,19;87697;10499;368;5823;104387
979;2015-T4;San Luis;11,07;38,67;44536;5332;187;2957;53012
980;2015-T4;Santa Cruz;16,32;54,85;44465;5323;187;2952;52927
981;2015-T4;Santa Fe;22,24;70,73;637008;76264;2673;42297;758242
982;2015-T4;Santiago del Estero;7,35;29,62;57573;6893;242;3823;68531
983;2015-T4;Tierra del Fuego;23,06;77,77;29848;3573;125;1982;35528
984;2015-T4;Tucumán;13,35;53,87;179546;21496;753;11922;213717
985;2014-T1;Buenos Aires;26,72;85,26;3622153;488810;14179;260266;4385408
986;2014-T1;CABA;52,66;128,57;1325588;178888;5189;95249;1604914
987;2014-T1;Catamarca;10,03;39,45;32476;4382;127;2333;39318
988;2014-T1;Chaco;9,09;34,02;84607;11418;331;6079;102435
989;2014-T1;Chubut;17,66;57,59;80618;10880;316;5793;97607
990;2014-T1;Córdoba;21,09;68,88;612460;82651;2397;44007;741515
991;2014-T1;Corrientes;9,71;36,88;84748;11437;332;6090;102607
992;2014-T1;Entre Ríos;17,14;57,33;184607;24913;723;13265;223508
993;2014-T1;Formosa;7,38;28,98;34856;4704;136;2505;42201
994;2014-T1;Jujuy;7,81;30,56;46214;6237;181;3321;55953
995;2014-T1;La Pampa;21,26;64,52;59500;8030;233;4275;72038
996;2014-T1;La Rioja;10,98;41,24;32728;4417;128;2352;39625
997;2014-T1;Mendoza;17,26;61,84;264647;35714;1036;19016;320413
998;2014-T1;Misiones;9,49;34,85;91696;12374;359;6589;111018
999;2014-T1;Neuquén;15,27;51,29;76593;10336;300;5503;92732
1000;2014-T1;Río Negro;17,69;57,51;100180;13519;392;7198;121289
1001;2014-T1;Salta;10,76;44,44;116328;15699;455;8359;140841
1002;2014-T1;San Juan;12,71;49,89;76369;10306;299;5487;92461
1003;2014-T1;San Luis;10,92;38,17;42205;5695;165;3032;51097
1004;2014-T1;Santa Cruz;13,17;44,25;33555;4528;131;2411;40625
1005;2014-T1;Santa Fe;22,93;72,91;636284;85867;2491;45719;770361
1006;2014-T1;Santiago del Estero;7,73;31,15;58409;7882;229;4197;70717
1007;2014-T1;Tierra del Fuego;22,23;74,98;26951;3637;106;1937;32631
1008;2014-T1;Tucumán;13,47;54,39;174209;23509;682;12517;210917
1009;2014-T2;Buenos Aires;26,61;84,74;3610509;492119;14373;262381;4379382
1010;2014-T2;CABA;52,56;127,68;1321143;180074;5259;96009;1602485
1011;2014-T2;Catamarca;10,02;39,38;32442;4422;129;2358;39351
1012;2014-T2;Chaco;9,06;33,89;84347;11497;336;6130;102310
1013;2014-T2;Chubut;17,57;57,31;80467;10968;320;5848;97603
1014;2014-T2;Córdoba;20,91;68,28;607696;82830;2419;44162;737107
1015;2014-T2;Corrientes;9,69;36,8;84609;11533;337;6149;102628
1016;2014-T2;Entre Ríos;17,12;57,25;184487;25146;734;13407;223774
1017;2014-T2;Formosa;7,37;28,95;34829;4747;139;2531;42246
1018;2014-T2;Jujuy;7,82;30,59;46323;6314;184;3366;56187
1019;2014-T2;La Pampa;21,45;65,09;60049;8185;239;4364;72837
1020;2014-T2;La Rioja;10,9;40,94;32543;4436;130;2365;39474
1021;2014-T2;Mendoza;17,2;61,64;264109;35998;1051;19193;320351
1022;2014-T2;Misiones;9,45;34,7;91434;12463;364;6645;110906
1023;2014-T2;Neuquén;15,22;51,12;76501;10427;305;5559;92792
1024;2014-T2;Río Negro;17,62;57,28;99963;13625;398;7264;121250
1025;2014-T2;Salta;10,75;44,37;116346;15858;463;8455;141122
1026;2014-T2;San Juan;12,67;49,73;76210;10388;303;5538;92439
1027;2014-T2;San Luis;10,89;38,03;42123;5741;168;3061;51093
1028;2014-T2;Santa Cruz;13,11;44,04;33577;4577;134;2440;40728
1029;2014-T2;Santa Fe;22,8;72,51;632973;86275;2520;45999;767767
1030;2014-T2;Santiago del Estero;7,7;31,02;58218;7935;232;4231;70616
1031;2014-T2;Tierra del Fuego;22,08;74,44;26902;3667;107;1955;32631
1032;2014-T2;Tucumán;13,49;54,47;174709;23813;695;12696;211913
1033;2014-T3;Buenos Aires;26,69;84,85;3631816;500343;14902;258701;4405762
1034;2014-T3;CABA;52,69;127,35;1324771;182509;5436;94366;1607082
1035;2014-T3;Catamarca;10,02;39,39;32522;4481;133;2317;39453
1036;2014-T3;Chaco;9,35;34,97;87267;12023;358;6216;105864
1037;2014-T3;Chubut;17,57;57,32;80845;11138;332;5759;98074
1038;2014-T3;Córdoba;20,74;67,73;604343;83258;2480;43049;733130
1039;2014-T3;Corrientes;9,94;37,74;86971;11982;357;6195;105505
1040;2014-T3;Entre Ríos;17,59;58,84;190061;26184;780;13538;230563
1041;2014-T3;Formosa;7,36;28,92;34878;4805;143;2484;42310
1042;2014-T3;Jujuy;7,82;30,59;46464;6401;191;3310;56366
1043;2014-T3;La Pampa;21,2;64,33;59480;8194;244;4237;72155
1044;2014-T3;La Rioja;10,83;40,69;32457;4471;133;2312;39373
1045;2014-T3;Mendoza;17,15;61,44;263975;36367;1083;18803;320228
1046;2014-T3;Misiones;9,52;34,93;92324;12719;379;6576;111998
1047;2014-T3;Neuquén;15,16;50,92;76477;10536;314;5448;92775
1048;2014-T3;Río Negro;17,57;57,13;100033;13781;410;7126;121350
1049;2014-T3;Salta;10,72;44,27;116488;16048;478;8298;141312
1050;2014-T3;San Juan;12,72;49,91;76709;10568;315;5464;93056
1051;2014-T3;San Luis;10,78;37,67;41858;5767;172;2982;50779
1052;2014-T3;Santa Cruz;13,11;44,03;33810;4658;139;2408;41015
1053;2014-T3;Santa Fe;22,9;72,83;636998;87757;2614;45375;772744
1054;2014-T3;Santiago del Estero;7,69;30,98;58296;8031;239;4153;70719
1055;2014-T3;Tierra del Fuego;21,97;74,08;26954;3713;111;1920;32698
1056;2014-T3;Tucumán;13,52;54,56;175548;24185;720;12505;212958
1057;2014-T4;Buenos Aires;26,96;85,55;3680053;509659;15264;258163;4463139
1058;2014-T4;CABA;52,93;127,29;1331781;184442;5524;93427;1615174
1059;2014-T4;Catamarca;9,99;39,27;32506;4502;135;2280;39423
1060;2014-T4;Chaco;9,28;34,71;86890;12033;360;6095;105378
1061;2014-T4;Chubut;17,76;57,92;82093;11369;341;5759;99562
1062;2014-T4;Córdoba;20,65;67,43;603505;83581;2503;42337;731926
1063;2014-T4;Corrientes;9,89;37,55;86758;12015;360;6086;105219
1064;2014-T4;Entre Ríos;17,51;58,56;189685;26270;787;13307;230049
1065;2014-T4;Formosa;7,31;28,73;34741;4811;144;2437;42133
1066;2014-T4;Jujuy;7,81;30,55;46550;6447;193;3266;56456
1067;2014-T4;La Pampa;21,41;64,99;60244;8343;250;4226;73063
1068;2014-T4;La Rioja;10,74;40,33;32291;4472;134;2265;39162
1069;2014-T4;Mendoza;17,49;62,68;270148;37414;1121;18952;327635
1070;2014-T4;Misiones;9,47;34,75;92171;12765;382;6466;111784
1071;2014-T4;Neuquén;15,29;51,34;77426;10723;321;5432;93902
1072;2014-T4;Río Negro;17,8;57,87;101720;14087;422;7136;123365
1073;2014-T4;Salta;10,68;44,08;116435;16125;483;8168;141211
1074;2014-T4;San Juan;12,96;50,88;78443;10864;325;5503;95135
1075;2014-T4;San Luis;10,84;37,88;42247;5851;175;2964;51237
1076;2014-T4;Santa Cruz;13,17;44,26;34237;4742;142;2402;41523
1077;2014-T4;Santa Fe;22,79;72,46;635273;87981;2635;44566;770455
1078;2014-T4;Santiago del Estero;7,65;30,81;58150;8053;241;4079;70523
1079;2014-T4;Tierra del Fuego;21,96;74,05;27137;3758;113;1904;32912
1080;2014-T4;Tucumán;13,47;54,39;175620;24322;728;12320;212990
